<?xml version="1.0" encoding="UTF-8"?><kml xmlns="http://www.opengis.net/kml/2.2"><Document><description>{"issues": ["Limites principais rasterizados em 223 imagens incorporadas; vetores incluem halos de texto e molduras.", "Carimbo apresenta N/E em ordem ambígua; grade usada como evidência de posição.", "442 de 493 lotes têm área do polígono dentro de 5% da tabela; os demais precisam de revisão.", "Processamento anterior: Vias e construções foram reconhecidas mas não vetorizadas nesta versão.", "Limite de candidatos atingido em uma ferramenta; cobertura parcial explicitada no relatório."], "excluded": [{"id": "f1", "status": "candidate", "georeferenced": true, "issues": []}, {"id": "f2", "status": "candidate", "georeferenced": true, "issues": []}, {"id": "f3", "status": "candidate", "georeferenced": true, "issues": []}, {"id": "f4", "status": "candidate", "georeferenced": true, "issues": []}, {"id": "f5", "status": "candidate", "georeferenced": true, "issues": []}, {"id": "f6", "status": "candidate", "georeferenced": true, "issues": []}, {"id": "f7", "status": "candidate", "georeferenced": true, "issues": []}, {"id": "f8", "status": "candidate", "georeferenced": true, "issues": []}, {"id": "f9", "status": "candidate", "georeferenced": true, "issues": []}, {"id": "f10", "status": "candidate", "georeferenced": true, "issues": []}, {"id": "f11", "status": "candidate", "georeferenced": true, "issues": []}, {"id": "f12", "status": "candidate", "georeferenced": true, "issues": ["Contorno obtido com ajuste alternativo das linhas, escolhido por concordar com a tabela: conferir visualmente."]}, {"id": "f13", "status": "candidate", "georeferenced": true, "issues": []}, {"id": "f14", "status": "candidate", "georeferenced": true, "issues": []}, {"id": "f15", "status": "candidate", "georeferenced": true, "issues": []}, {"id": "f16", "status": "candidate", "georeferenced": true, "issues": []}, {"id": "f17", "status": "candidate", "georeferenced": true, "issues": ["Contorno obtido com ajuste alternativo das linhas, escolhido por concordar com a tabela: conferir visualmente."]}, {"id": "f18", "status": "candidate", "georeferenced": true, "issues": ["Contorno obtido com ajuste alternativo das linhas, escolhido por concordar com a tabela: conferir visualmente."]}, {"id": "f19", "status": "candidate", "georeferenced": true, "issues": ["Divergência de área superior a 5%.", "Área do polígono difere 7% da tabela: conferir limites.", "Contorno obtido com ajuste alternativo das linhas, escolhido por concordar com a tabela: conferir visualmente."]}, {"id": "f20", "status": "candidate", "georeferenced": true, "issues": []}, {"id": "f21", "status": "candidate", "georeferenced": true, "issues": []}, {"id": "f22", "status": "candidate", "georeferenced": true, "issues": []}, {"id": "f23", "status": "candidate", "georeferenced": true, "issues": []}, {"id": "f24", "status": "candidate", "georeferenced": true, "issues": []}, {"id": "f25", "status": "candidate", "georeferenced": true, "issues": ["Divergência de área superior a 5%.", "Área do polígono difere 25% da tabela: conferir limites."]}, {"id": "f26", "status": "candidate", "georeferenced": true, "issues": ["Área do polígono difere 47% da tabela: conferir limites.", "Quadra não determinada pela tabela: confirmar."]}, {"id": "f27", "status": "candidate", "georeferenced": true, "issues": []}, {"id": "f28", "status": "candidate", "georeferenced": true, "issues": []}, {"id": "f29", "status": "candidate", "georeferenced": true, "issues": []}, {"id": "f30", "status": "candidate", "georeferenced": true, "issues": []}, {"id": "f31", "status": "candidate", "georeferenced": true, "issues": []}, {"id": "f32", "status": "candidate", "georeferenced": true, "issues": []}, {"id": "f33", "status": "candidate", "georeferenced": true, "issues": []}, {"id": "f34", "status": "candidate", "georeferenced": true, "issues": []}, {"id": "f35", "status": "candidate", "georeferenced": true, "issues": ["Contorno obtido com ajuste alternativo das linhas, escolhido por concordar com a tabela: conferir visualmente."]}, {"id": "f36", "status": "candidate", "georeferenced": true, "issues": []}, {"id": "f37", "status": "candidate", "georeferenced": true, "issues": ["Contorno obtido com ajuste alternativo das linhas, escolhido por concordar com a tabela: conferir visualmente."]}, {"id": "f38", "status": "candidate", "georeferenced": true, "issues": []}, {"id": "f39", "status": "candidate", "georeferenced": true, "issues": []}, {"id": "f40", "status": "candidate", "georeferenced": true, "issues": []}, {"id": "f41", "status": "candidate", "georeferenced": true, "issues": []}, {"id": "f42", "status": "candidate", "georeferenced": true, "issues": []}, {"id": "f43", "status": "candidate", "georeferenced": true, "issues": ["Contorno obtido com ajuste alternativo das linhas, escolhido por concordar com a tabela: conferir visualmente."]}, {"id": "f44", "status": "candidate", "georeferenced": true, "issues": ["Contorno obtido com ajuste alternativo das linhas, escolhido por concordar com a tabela: conferir visualmente."]}, {"id": "f45", "status": "candidate", "georeferenced": true, "issues": []}, {"id": "f46", "status": "candidate", "georeferenced": true, "issues": []}, {"id": "f47", "status": "candidate", "georeferenced": true, "issues": []}, {"id": "f48", "status": "candidate", "georeferenced": true, "issues": []}, {"id": "f49", "status": "candidate", "georeferenced": true, "issues": []}, {"id": "f50", "status": "candidate", "georeferenced": true, "issues": []}, {"id": "f51", "status": "candidate", "georeferenced": true, "issues": []}, {"id": "f52", "status": "candidate", "georeferenced": true, "issues": []}, {"id": "f53", "status": "candidate", "georeferenced": true, "issues": []}, {"id": "f54", "status": "candidate", "georeferenced": true, "issues": ["Área do polígono difere 73% da tabela: conferir limites.", "Quadra não determinada pela tabela: confirmar."]}, {"id": "f55", "status": "candidate", "georeferenced": true, "issues": ["Área do polígono difere 87% da tabela: conferir limites.", "Quadra não determinada pela tabela: confirmar."]}, {"id": "f56", "status": "candidate", "georeferenced": true, "issues": []}, {"id": "f57", "status": "candidate", "georeferenced": true, "issues": []}, {"id": "f58", "status": "candidate", "georeferenced": true, "issues": []}, {"id": "f59", "status": "candidate", "georeferenced": true, "issues": []}, {"id": "f60", "status": "candidate", "georeferenced": true, "issues": []}, {"id": "f61", "status": "candidate", "georeferenced": true, "issues": []}, {"id": "f62", "status": "candidate", "georeferenced": true, "issues": []}, {"id": "f63", "status": "candidate", "georeferenced": true, "issues": ["Área do polígono difere 34% da tabela: conferir limites.", "Quadra não determinada pela tabela: confirmar."]}, {"id": "f64", "status": "candidate", "georeferenced": true, "issues": ["Área do polígono difere 67% da tabela: conferir limites.", "Quadra não determinada pela tabela: confirmar."]}, {"id": "f65", "status": "candidate", "georeferenced": true, "issues": []}, {"id": "f66", "status": "candidate", "georeferenced": true, "issues": []}, {"id": "f67", "status": "candidate", "georeferenced": true, "issues": []}, {"id": "f68", "status": "candidate", "georeferenced": true, "issues": []}, {"id": "f69", "status": "candidate", "georeferenced": true, "issues": []}, {"id": "f70", "status": "candidate", "georeferenced": true, "issues": []}, {"id": "f71", "status": "candidate", "georeferenced": true, "issues": []}, {"id": "f72", "status": "candidate", "georeferenced": true, "issues": []}, {"id": "f73", "status": "candidate", "georeferenced": true, "issues": []}, {"id": "f74", "status": "candidate", "georeferenced": true, "issues": []}, {"id": "f75", "status": "candidate", "georeferenced": true, "issues": []}, {"id": "f76", "status": "candidate", "georeferenced": true, "issues": []}, {"id": "f77", "status": "candidate", "georeferenced": true, "issues": []}, {"id": "f78", "status": "candidate", "georeferenced": true, "issues": ["Área do polígono difere 61% da tabela: conferir limites.", "Quadra não determinada pela tabela: confirmar."]}, {"id": "f79", "status": "candidate", "georeferenced": true, "issues": ["Área do polígono difere 27% da tabela: conferir limites.", "Quadra não determinada pela tabela: confirmar."]}, {"id": "f80", "status": "candidate", "georeferenced": true, "issues": []}, {"id": "f81", "status": "candidate", "georeferenced": true, "issues": []}, {"id": "f82", "status": "candidate", "georeferenced": true, "issues": []}, {"id": "f83", "status": "candidate", "georeferenced": true, "issues": []}, {"id": "f84", "status": "candidate", "georeferenced": true, "issues": []}, {"id": "f85", "status": "candidate", "georeferenced": true, "issues": []}, {"id": "f86", "status": "candidate", "georeferenced": true, "issues": ["Contorno obtido com ajuste alternativo das linhas, escolhido por concordar com a tabela: conferir visualmente."]}, {"id": "f87", "status": "candidate", "georeferenced": true, "issues": ["Contorno obtido com ajuste alternativo das linhas, escolhido por concordar com a tabela: conferir visualmente."]}, {"id": "f88", "status": "candidate", "georeferenced": true, "issues": []}, {"id": "f89", "status": "candidate", "georeferenced": true, "issues": []}, {"id": "f90", "status": "candidate", "georeferenced": true, "issues": []}, {"id": "f91", "status": "candidate", "georeferenced": true, "issues": []}, {"id": "f92", "status": "candidate", "georeferenced": true, "issues": []}, {"id": "f93", "status": "candidate", "georeferenced": true, "issues": []}, {"id": "f94", "status": "candidate", "georeferenced": true, "issues": []}, {"id": "f95", "status": "candidate", "georeferenced": true, "issues": []}, {"id": "f96", "status": "candidate", "georeferenced": true, "issues": []}, {"id": "f97", "status": "candidate", "georeferenced": true, "issues": []}, {"id": "f98", "status": "candidate", "georeferenced": true, "issues": []}, {"id": "f99", "status": "candidate", "georeferenced": true, "issues": []}, {"id": "f100", "status": "candidate", "georeferenced": true, "issues": []}, {"id": "f101", "status": "candidate", "georeferenced": true, "issues": []}, {"id": "f102", "status": "candidate", "georeferenced": true, "issues": []}, {"id": "f103", "status": "candidate", "georeferenced": true, "issues": []}, {"id": "f104", "status": "candidate", "georeferenced": true, "issues": ["Contorno obtido com ajuste alternativo das linhas, escolhido por concordar com a tabela: conferir visualmente.", "Quadra 11, lote 06: identificador reivindicado por 2 geometrias; confirmar registro/matrícula e vínculo espacial."]}, {"id": "f105", "status": "candidate", "georeferenced": true, "issues": ["Divergência de área superior a 5%.", "Área do polígono difere 7% da tabela: conferir limites."]}, {"id": "f106", "status": "candidate", "georeferenced": true, "issues": ["Contorno obtido com ajuste alternativo das linhas, escolhido por concordar com a tabela: conferir visualmente."]}, {"id": "f107", "status": "candidate", "georeferenced": true, "issues": []}, {"id": "f108", "status": "candidate", "georeferenced": true, "issues": ["Quadra 08, lote 10: identificador reivindicado por 3 geometrias; confirmar registro/matrícula e vínculo espacial."]}, {"id": "f109", "status": "candidate", "georeferenced": true, "issues": ["Quadra 08, lote 11: identificador reivindicado por 2 geometrias; confirmar registro/matrícula e vínculo espacial."]}, {"id": "f110", "status": "candidate", "georeferenced": true, "issues": []}, {"id": "f111", "status": "candidate", "georeferenced": true, "issues": []}, {"id": "f112", "status": "candidate", "georeferenced": true, "issues": []}, {"id": "f113", "status": "candidate", "georeferenced": true, "issues": ["Contorno obtido com ajuste alternativo das linhas, escolhido por concordar com a tabela: conferir visualmente."]}, {"id": "f114", "status": "candidate", "georeferenced": true, "issues": ["Contorno obtido com ajuste alternativo das linhas, escolhido por concordar com a tabela: conferir visualmente.", "Quadra 10, lote 51: identificador reivindicado por 2 geometrias; confirmar registro/matrícula e vínculo espacial."]}, {"id": "f115", "status": "candidate", "georeferenced": true, "issues": []}, {"id": "f116", "status": "candidate", "georeferenced": true, "issues": []}, {"id": "f117", "status": "candidate", "georeferenced": true, "issues": ["Quadra 10, lote 54: identificador reivindicado por 2 geometrias; confirmar registro/matrícula e vínculo espacial."]}, {"id": "f118", "status": "candidate", "georeferenced": true, "issues": []}, {"id": "f119", "status": "candidate", "georeferenced": true, "issues": []}, {"id": "f120", "status": "candidate", "georeferenced": true, "issues": []}, {"id": "f121", "status": "candidate", "georeferenced": true, "issues": []}, {"id": "f122", "status": "candidate", "georeferenced": true, "issues": []}, {"id": "f123", "status": "candidate", "georeferenced": true, "issues": ["Quadra 09, lote 01: identificador reivindicado por 2 geometrias; confirmar registro/matrícula e vínculo espacial."]}, {"id": "f124", "status": "candidate", "georeferenced": true, "issues": []}, {"id": "f125", "status": "candidate", "georeferenced": true, "issues": []}, {"id": "f126", "status": "candidate", "georeferenced": true, "issues": []}, {"id": "f127", "status": "candidate", "georeferenced": true, "issues": []}, {"id": "f128", "status": "candidate", "georeferenced": true, "issues": []}, {"id": "f129", "status": "candidate", "georeferenced": true, "issues": []}, {"id": "f130", "status": "candidate", "georeferenced": true, "issues": ["Divergência de área superior a 5%.", "Área do polígono difere 10% da tabela: conferir limites.", "Contorno obtido com ajuste alternativo das linhas, escolhido por concordar com a tabela: conferir visualmente."]}, {"id": "f131", "status": "candidate", "georeferenced": true, "issues": ["Área do polígono difere 77% da tabela: conferir limites.", "Quadra não determinada pela tabela: confirmar."]}, {"id": "f132", "status": "candidate", "georeferenced": true, "issues": ["Contorno obtido com ajuste alternativo das linhas, escolhido por concordar com a tabela: conferir visualmente.", "Quadra 08, lote 10: identificador reivindicado por 3 geometrias; confirmar registro/matrícula e vínculo espacial."]}, {"id": "f133", "status": "candidate", "georeferenced": true, "issues": []}, {"id": "f134", "status": "candidate", "georeferenced": true, "issues": []}, {"id": "f135", "status": "candidate", "georeferenced": true, "issues": []}, {"id": "f136", "status": "candidate", "georeferenced": true, "issues": ["Divergência de área superior a 5%.", "Área do polígono difere 14% da tabela: conferir limites.", "Contorno obtido com ajuste alternativo das linhas, escolhido por concordar com a tabela: conferir visualmente.", "Sobrepõe Lote 63 • Quadra 10 em 36% da área: conflito de segmentação.", "Quadra 09, lote 01: identificador reivindicado por 2 geometrias; confirmar registro/matrícula e vínculo espacial."]}, {"id": "f137", "status": "candidate", "georeferenced": true, "issues": ["Área do polígono difere 50% da tabela: conferir limites.", "Quadra não determinada pela tabela: confirmar."]}, {"id": "f138", "status": "candidate", "georeferenced": true, "issues": []}, {"id": "f139", "status": "candidate", "georeferenced": true, "issues": []}, {"id": "f140", "status": "candidate", "georeferenced": true, "issues": []}, {"id": "f141", "status": "candidate", "georeferenced": true, "issues": []}, {"id": "f142", "status": "candidate", "georeferenced": true, "issues": ["Área do polígono difere 37% da tabela: conferir limites.", "Quadra não determinada pela tabela: confirmar."]}, {"id": "f143", "status": "candidate", "georeferenced": true, "issues": ["Área do polígono difere 32% da tabela: conferir limites.", "Quadra não determinada pela tabela: confirmar."]}, {"id": "f144", "status": "candidate", "georeferenced": true, "issues": ["Divergência de área superior a 5%.", "Área do polígono difere 12% da tabela: conferir limites."]}, {"id": "f145", "status": "candidate", "georeferenced": true, "issues": ["Divergência de área superior a 5%.", "Área do polígono difere 13% da tabela: conferir limites.", "Contorno obtido com ajuste alternativo das linhas, escolhido por concordar com a tabela: conferir visualmente.", "Sobrepõe Lote 11 • Quadra 08 em 59% da área: conflito de segmentação.", "Quadra 08, lote 10: identificador reivindicado por 3 geometrias; confirmar registro/matrícula e vínculo espacial."]}, {"id": "f146", "status": "candidate", "georeferenced": true, "issues": ["Sobrepõe Lote 10 • Quadra 08 em 39% da área: conflito de segmentação.", "Quadra 08, lote 11: identificador reivindicado por 2 geometrias; confirmar registro/matrícula e vínculo espacial."]}, {"id": "f147", "status": "candidate", "georeferenced": true, "issues": []}, {"id": "f148", "status": "candidate", "georeferenced": true, "issues": ["Quadra 10, lote 51: identificador reivindicado por 2 geometrias; confirmar registro/matrícula e vínculo espacial."]}, {"id": "f149", "status": "candidate", "georeferenced": true, "issues": []}, {"id": "f150", "status": "candidate", "georeferenced": true, "issues": []}, {"id": "f151", "status": "candidate", "georeferenced": true, "issues": ["Quadra 10, lote 54: identificador reivindicado por 2 geometrias; confirmar registro/matrícula e vínculo espacial."]}, {"id": "f152", "status": "candidate", "georeferenced": true, "issues": []}, {"id": "f153", "status": "candidate", "georeferenced": true, "issues": []}, {"id": "f154", "status": "candidate", "georeferenced": true, "issues": []}, {"id": "f155", "status": "candidate", "georeferenced": true, "issues": []}, {"id": "f156", "status": "candidate", "georeferenced": true, "issues": []}, {"id": "f157", "status": "candidate", "georeferenced": true, "issues": []}, {"id": "f158", "status": "candidate", "georeferenced": true, "issues": []}, {"id": "f159", "status": "candidate", "georeferenced": true, "issues": []}, {"id": "f160", "status": "candidate", "georeferenced": true, "issues": ["Divergência de área superior a 5%.", "Área do polígono difere 5% da tabela: conferir limites.", "Contorno obtido com ajuste alternativo das linhas, escolhido por concordar com a tabela: conferir visualmente.", "Sobrepõe Lote 01 • Quadra 09 em 99% da área: conflito de segmentação."]}, {"id": "f161", "status": "candidate", "georeferenced": true, "issues": []}, {"id": "f162", "status": "candidate", "georeferenced": true, "issues": []}, {"id": "f163", "status": "candidate", "georeferenced": true, "issues": []}, {"id": "f164", "status": "candidate", "georeferenced": true, "issues": []}, {"id": "f165", "status": "candidate", "georeferenced": true, "issues": []}, {"id": "f166", "status": "candidate", "georeferenced": true, "issues": []}, {"id": "f167", "status": "candidate", "georeferenced": true, "issues": []}, {"id": "f168", "status": "candidate", "georeferenced": true, "issues": []}, {"id": "f169", "status": "candidate", "georeferenced": true, "issues": []}, {"id": "f170", "status": "candidate", "georeferenced": true, "issues": []}, {"id": "f171", "status": "candidate", "georeferenced": true, "issues": []}, {"id": "f172", "status": "candidate", "georeferenced": true, "issues": []}, {"id": "f173", "status": "candidate", "georeferenced": true, "issues": []}, {"id": "f174", "status": "candidate", "georeferenced": true, "issues": []}, {"id": "f175", "status": "candidate", "georeferenced": true, "issues": ["Contorno obtido com ajuste alternativo das linhas, escolhido por concordar com a tabela: conferir visualmente."]}, {"id": "f176", "status": "candidate", "georeferenced": true, "issues": []}, {"id": "f177", "status": "candidate", "georeferenced": true, "issues": ["Contorno obtido com ajuste alternativo das linhas, escolhido por concordar com a tabela: conferir visualmente."]}, {"id": "f178", "status": "candidate", "georeferenced": true, "issues": []}, {"id": "f179", "status": "candidate", "georeferenced": true, "issues": []}, {"id": "f180", "status": "candidate", "georeferenced": true, "issues": []}, {"id": "f181", "status": "candidate", "georeferenced": true, "issues": ["Contorno obtido com ajuste alternativo das linhas, escolhido por concordar com a tabela: conferir visualmente."]}, {"id": "f182", "status": "candidate", "georeferenced": true, "issues": []}, {"id": "f183", "status": "candidate", "georeferenced": true, "issues": []}, {"id": "f184", "status": "candidate", "georeferenced": true, "issues": []}, {"id": "f185", "status": "candidate", "georeferenced": true, "issues": []}, {"id": "f186", "status": "candidate", "georeferenced": true, "issues": []}, {"id": "f187", "status": "candidate", "georeferenced": true, "issues": []}, {"id": "f188", "status": "candidate", "georeferenced": true, "issues": []}, {"id": "f189", "status": "candidate", "georeferenced": true, "issues": []}, {"id": "f190", "status": "candidate", "georeferenced": true, "issues": []}, {"id": "f191", "status": "candidate", "georeferenced": true, "issues": []}, {"id": "f192", "status": "candidate", "georeferenced": true, "issues": ["Quadra 02, lote 27: identificador reivindicado por 2 geometrias; confirmar registro/matrícula e vínculo espacial."]}, {"id": "f193", "status": "candidate", "georeferenced": true, "issues": []}, {"id": "f194", "status": "candidate", "georeferenced": true, "issues": []}, {"id": "f195", "status": "candidate", "georeferenced": true, "issues": []}, {"id": "f196", "status": "candidate", "georeferenced": true, "issues": []}, {"id": "f197", "status": "candidate", "georeferenced": true, "issues": []}, {"id": "f198", "status": "candidate", "georeferenced": true, "issues": []}, {"id": "f199", "status": "candidate", "georeferenced": true, "issues": []}, {"id": "f200", "status": "candidate", "georeferenced": true, "issues": []}, {"id": "f201", "status": "candidate", "georeferenced": true, "issues": []}, {"id": "f202", "status": "candidate", "georeferenced": true, "issues": ["Contorno obtido com ajuste alternativo das linhas, escolhido por concordar com a tabela: conferir visualmente."]}, {"id": "f203", "status": "candidate", "georeferenced": true, "issues": []}, {"id": "f204", "status": "candidate", "georeferenced": true, "issues": ["Contorno obtido com ajuste alternativo das linhas, escolhido por concordar com a tabela: conferir visualmente."]}, {"id": "f205", "status": "candidate", "georeferenced": true, "issues": ["Contorno obtido com ajuste alternativo das linhas, escolhido por concordar com a tabela: conferir visualmente."]}, {"id": "f206", "status": "candidate", "georeferenced": true, "issues": []}, {"id": "f207", "status": "candidate", "georeferenced": true, "issues": []}, {"id": "f208", "status": "candidate", "georeferenced": true, "issues": []}, {"id": "f209", "status": "candidate", "georeferenced": true, "issues": []}, {"id": "f210", "status": "candidate", "georeferenced": true, "issues": []}, {"id": "f211", "status": "candidate", "georeferenced": true, "issues": []}, {"id": "f212", "status": "candidate", "georeferenced": true, "issues": ["Divergência de área superior a 5%.", "Área do polígono difere 7% da tabela: conferir limites.", "Contorno obtido com ajuste alternativo das linhas, escolhido por concordar com a tabela: conferir visualmente."]}, {"id": "f213", "status": "candidate", "georeferenced": true, "issues": []}, {"id": "f214", "status": "candidate", "georeferenced": true, "issues": ["Contorno obtido com ajuste alternativo das linhas, escolhido por concordar com a tabela: conferir visualmente."]}, {"id": "f215", "status": "candidate", "georeferenced": true, "issues": []}, {"id": "f216", "status": "candidate", "georeferenced": true, "issues": ["Contorno obtido com ajuste alternativo das linhas, escolhido por concordar com a tabela: conferir visualmente."]}, {"id": "f217", "status": "candidate", "georeferenced": true, "issues": ["Contorno obtido com ajuste alternativo das linhas, escolhido por concordar com a tabela: conferir visualmente."]}, {"id": "f218", "status": "candidate", "georeferenced": true, "issues": []}, {"id": "f219", "status": "candidate", "georeferenced": true, "issues": []}, {"id": "f220", "status": "candidate", "georeferenced": true, "issues": []}, {"id": "f221", "status": "candidate", "georeferenced": true, "issues": []}, {"id": "f222", "status": "candidate", "georeferenced": true, "issues": []}, {"id": "f223", "status": "candidate", "georeferenced": true, "issues": []}, {"id": "f224", "status": "candidate", "georeferenced": true, "issues": []}, {"id": "f225", "status": "candidate", "georeferenced": true, "issues": []}, {"id": "f226", "status": "candidate", "georeferenced": true, "issues": []}, {"id": "f227", "status": "candidate", "georeferenced": true, "issues": []}, {"id": "f228", "status": "candidate", "georeferenced": true, "issues": []}, {"id": "f229", "status": "candidate", "georeferenced": true, "issues": []}, {"id": "f230", "status": "candidate", "georeferenced": true, "issues": ["Divergência de área superior a 5%.", "Área do polígono difere 11% da tabela: conferir limites.", "Contorno obtido com ajuste alternativo das linhas, escolhido por concordar com a tabela: conferir visualmente.", "Quadra 02, lote 27: identificador reivindicado por 2 geometrias; confirmar registro/matrícula e vínculo espacial."]}, {"id": "f231", "status": "candidate", "georeferenced": true, "issues": []}, {"id": "f232", "status": "candidate", "georeferenced": true, "issues": []}, {"id": "f233", "status": "candidate", "georeferenced": true, "issues": []}, {"id": "f234", "status": "candidate", "georeferenced": true, "issues": []}, {"id": "f235", "status": "candidate", "georeferenced": true, "issues": []}, {"id": "f236", "status": "candidate", "georeferenced": true, "issues": []}, {"id": "f237", "status": "candidate", "georeferenced": true, "issues": []}, {"id": "f238", "status": "candidate", "georeferenced": true, "issues": []}, {"id": "f239", "status": "candidate", "georeferenced": true, "issues": []}, {"id": "f240", "status": "candidate", "georeferenced": true, "issues": []}, {"id": "f241", "status": "candidate", "georeferenced": true, "issues": []}, {"id": "f242", "status": "candidate", "georeferenced": true, "issues": []}, {"id": "f243", "status": "candidate", "georeferenced": true, "issues": []}, {"id": "f244", "status": "candidate", "georeferenced": true, "issues": []}, {"id": "f245", "status": "candidate", "georeferenced": true, "issues": []}, {"id": "f246", "status": "candidate", "georeferenced": true, "issues": ["Contorno obtido com ajuste alternativo das linhas, escolhido por concordar com a tabela: conferir visualmente."]}, {"id": "f247", "status": "candidate", "georeferenced": true, "issues": ["Contorno obtido com ajuste alternativo das linhas, escolhido por concordar com a tabela: conferir visualmente."]}, {"id": "f248", "status": "candidate", "georeferenced": true, "issues": ["Quadra 08, lote 17: identificador reivindicado por 2 geometrias; confirmar registro/matrícula e vínculo espacial."]}, {"id": "f249", "status": "candidate", "georeferenced": true, "issues": []}, {"id": "f250", "status": "candidate", "georeferenced": true, "issues": []}, {"id": "f251", "status": "candidate", "georeferenced": true, "issues": []}, {"id": "f252", "status": "candidate", "georeferenced": true, "issues": []}, {"id": "f253", "status": "candidate", "georeferenced": true, "issues": []}, {"id": "f254", "status": "candidate", "georeferenced": true, "issues": ["Contorno obtido com ajuste alternativo das linhas, escolhido por concordar com a tabela: conferir visualmente."]}, {"id": "f255", "status": "candidate", "georeferenced": true, "issues": ["Contorno obtido com ajuste alternativo das linhas, escolhido por concordar com a tabela: conferir visualmente."]}, {"id": "f256", "status": "candidate", "georeferenced": true, "issues": []}, {"id": "f257", "status": "candidate", "georeferenced": true, "issues": []}, {"id": "f258", "status": "candidate", "georeferenced": true, "issues": ["Contorno obtido com ajuste alternativo das linhas, escolhido por concordar com a tabela: conferir visualmente.", "Sobrepõe Lote 32 • Quadra 10 em 47% da área: conflito de segmentação."]}, {"id": "f259", "status": "candidate", "georeferenced": true, "issues": []}, {"id": "f260", "status": "candidate", "georeferenced": true, "issues": ["Divergência de área superior a 5%.", "Área do polígono difere 10% da tabela: conferir limites."]}, {"id": "f261", "status": "candidate", "georeferenced": true, "issues": []}, {"id": "f262", "status": "candidate", "georeferenced": true, "issues": ["Sobrepõe Lote 27 • Quadra 08 em 28% da área: conflito de segmentação.", "Quadra 10, lote 32: identificador reivindicado por 2 geometrias; confirmar registro/matrícula e vínculo espacial."]}, {"id": "f263", "status": "candidate", "georeferenced": true, "issues": []}, {"id": "f264", "status": "candidate", "georeferenced": true, "issues": []}, {"id": "f265", "status": "candidate", "georeferenced": true, "issues": []}, {"id": "f266", "status": "candidate", "georeferenced": true, "issues": []}, {"id": "f267", "status": "candidate", "georeferenced": true, "issues": []}, {"id": "f268", "status": "candidate", "georeferenced": true, "issues": ["Quadra 10, lote 38: identificador reivindicado por 2 geometrias; confirmar registro/matrícula e vínculo espacial."]}, {"id": "f269", "status": "candidate", "georeferenced": true, "issues": []}, {"id": "f270", "status": "candidate", "georeferenced": true, "issues": []}, {"id": "f271", "status": "candidate", "georeferenced": true, "issues": []}, {"id": "f272", "status": "candidate", "georeferenced": true, "issues": ["Área do polígono difere 67% da tabela: conferir limites.", "Quadra não determinada pela tabela: confirmar."]}, {"id": "f273", "status": "candidate", "georeferenced": true, "issues": ["Divergência de área superior a 5%.", "Área do polígono difere 6% da tabela: conferir limites.", "Contorno obtido com ajuste alternativo das linhas, escolhido por concordar com a tabela: conferir visualmente.", "Sobrepõe Lote 44 • Quadra 08 em 41% da área: conflito de segmentação."]}, {"id": "f274", "status": "candidate", "georeferenced": true, "issues": ["Sobrepõe Lote 43 • Quadra 08 em 45% da área: conflito de segmentação."]}, {"id": "f275", "status": "candidate", "georeferenced": true, "issues": ["Quadra 08, lote 45: identificador reivindicado por 2 geometrias; confirmar registro/matrícula e vínculo espacial."]}, {"id": "f276", "status": "candidate", "georeferenced": true, "issues": []}, {"id": "f277", "status": "candidate", "georeferenced": true, "issues": []}, {"id": "f278", "status": "candidate", "georeferenced": true, "issues": ["Contorno obtido com ajuste alternativo das linhas, escolhido por concordar com a tabela: conferir visualmente.", "Quadra 09, lote 14: identificador reivindicado por 2 geometrias; confirmar registro/matrícula e vínculo espacial."]}, {"id": "f279", "status": "candidate", "georeferenced": true, "issues": []}, {"id": "f280", "status": "candidate", "georeferenced": true, "issues": []}, {"id": "f281", "status": "candidate", "georeferenced": true, "issues": ["Quadra 08, lote 17: identificador reivindicado por 2 geometrias; confirmar registro/matrícula e vínculo espacial."]}, {"id": "f282", "status": "candidate", "georeferenced": true, "issues": ["Contorno obtido com ajuste alternativo das linhas, escolhido por concordar com a tabela: conferir visualmente."]}, {"id": "f283", "status": "candidate", "georeferenced": true, "issues": ["Contorno obtido com ajuste alternativo das linhas, escolhido por concordar com a tabela: conferir visualmente."]}, {"id": "f284", "status": "candidate", "georeferenced": true, "issues": []}, {"id": "f285", "status": "candidate", "georeferenced": true, "issues": ["Contorno obtido com ajuste alternativo das linhas, escolhido por concordar com a tabela: conferir visualmente."]}, {"id": "f286", "status": "candidate", "georeferenced": true, "issues": ["Contorno obtido com ajuste alternativo das linhas, escolhido por concordar com a tabela: conferir visualmente."]}, {"id": "f287", "status": "candidate", "georeferenced": true, "issues": []}, {"id": "f288", "status": "candidate", "georeferenced": true, "issues": []}, {"id": "f289", "status": "candidate", "georeferenced": true, "issues": ["Divergência de área superior a 5%.", "Área do polígono difere 6% da tabela: conferir limites."]}, {"id": "f290", "status": "candidate", "georeferenced": true, "issues": ["Contorno obtido com ajuste alternativo das linhas, escolhido por concordar com a tabela: conferir visualmente."]}, {"id": "f291", "status": "candidate", "georeferenced": true, "issues": []}, {"id": "f292", "status": "candidate", "georeferenced": true, "issues": ["Área do polígono difere 90% da tabela: conferir limites.", "Quadra não determinada pela tabela: confirmar."]}, {"id": "f293", "status": "candidate", "georeferenced": true, "issues": []}, {"id": "f294", "status": "candidate", "georeferenced": true, "issues": []}, {"id": "f295", "status": "candidate", "georeferenced": true, "issues": []}, {"id": "f296", "status": "candidate", "georeferenced": true, "issues": []}, {"id": "f297", "status": "candidate", "georeferenced": true, "issues": ["Quadra 10, lote 33: identificador reivindicado por 2 geometrias; confirmar registro/matrícula e vínculo espacial."]}, {"id": "f298", "status": "candidate", "georeferenced": true, "issues": ["Contorno obtido com ajuste alternativo das linhas, escolhido por concordar com a tabela: conferir visualmente."]}, {"id": "f299", "status": "candidate", "georeferenced": true, "issues": ["Divergência de área superior a 5%.", "Área do polígono difere 6% da tabela: conferir limites."]}, {"id": "f300", "status": "candidate", "georeferenced": true, "issues": ["Divergência de área superior a 5%.", "Área do polígono difere 5% da tabela: conferir limites."]}, {"id": "f301", "status": "candidate", "georeferenced": true, "issues": []}, {"id": "f302", "status": "candidate", "georeferenced": true, "issues": []}, {"id": "f303", "status": "candidate", "georeferenced": true, "issues": []}, {"id": "f304", "status": "candidate", "georeferenced": true, "issues": ["Contorno obtido com ajuste alternativo das linhas, escolhido por concordar com a tabela: conferir visualmente."]}, {"id": "f305", "status": "candidate", "georeferenced": true, "issues": []}, {"id": "f306", "status": "candidate", "georeferenced": true, "issues": ["Quadra 09, lote 14: identificador reivindicado por 2 geometrias; confirmar registro/matrícula e vínculo espacial."]}, {"id": "f307", "status": "candidate", "georeferenced": true, "issues": ["Contorno obtido com ajuste alternativo das linhas, escolhido por concordar com a tabela: conferir visualmente."]}, {"id": "f308", "status": "candidate", "georeferenced": true, "issues": []}, {"id": "f309", "status": "candidate", "georeferenced": true, "issues": []}, {"id": "f310", "status": "candidate", "georeferenced": true, "issues": []}, {"id": "f311", "status": "candidate", "georeferenced": true, "issues": []}, {"id": "f312", "status": "candidate", "georeferenced": true, "issues": []}, {"id": "f313", "status": "candidate", "georeferenced": true, "issues": []}, {"id": "f314", "status": "candidate", "georeferenced": true, "issues": []}, {"id": "f315", "status": "candidate", "georeferenced": true, "issues": []}, {"id": "f316", "status": "candidate", "georeferenced": true, "issues": []}, {"id": "f317", "status": "candidate", "georeferenced": true, "issues": []}, {"id": "f318", "status": "candidate", "georeferenced": true, "issues": []}, {"id": "f319", "status": "candidate", "georeferenced": true, "issues": []}, {"id": "f320", "status": "candidate", "georeferenced": true, "issues": []}, {"id": "f321", "status": "candidate", "georeferenced": true, "issues": []}, {"id": "f322", "status": "candidate", "georeferenced": true, "issues": []}, {"id": "f323", "status": "candidate", "georeferenced": true, "issues": []}, {"id": "f324", "status": "candidate", "georeferenced": true, "issues": ["Quadra 10, lote 32: identificador reivindicado por 2 geometrias; confirmar registro/matrícula e vínculo espacial."]}, {"id": "f325", "status": "candidate", "georeferenced": true, "issues": ["Quadra 10, lote 33: identificador reivindicado por 2 geometrias; confirmar registro/matrícula e vínculo espacial."]}, {"id": "f326", "status": "candidate", "georeferenced": true, "issues": []}, {"id": "f327", "status": "candidate", "georeferenced": true, "issues": []}, {"id": "f328", "status": "candidate", "georeferenced": true, "issues": []}, {"id": "f329", "status": "candidate", "georeferenced": true, "issues": []}, {"id": "f330", "status": "candidate", "georeferenced": true, "issues": ["Quadra 10, lote 38: identificador reivindicado por 2 geometrias; confirmar registro/matrícula e vínculo espacial."]}, {"id": "f331", "status": "candidate", "georeferenced": true, "issues": []}, {"id": "f332", "status": "candidate", "georeferenced": true, "issues": []}, {"id": "f333", "status": "candidate", "georeferenced": true, "issues": []}, {"id": "f334", "status": "candidate", "georeferenced": true, "issues": []}, {"id": "f335", "status": "candidate", "georeferenced": true, "issues": []}, {"id": "f336", "status": "candidate", "georeferenced": true, "issues": []}, {"id": "f337", "status": "candidate", "georeferenced": true, "issues": ["Quadra 08, lote 45: identificador reivindicado por 2 geometrias; confirmar registro/matrícula e vínculo espacial."]}, {"id": "f338", "status": "candidate", "georeferenced": true, "issues": []}, {"id": "f339", "status": "candidate", "georeferenced": true, "issues": []}, {"id": "f340", "status": "candidate", "georeferenced": true, "issues": []}, {"id": "f341", "status": "candidate", "georeferenced": true, "issues": []}, {"id": "f342", "status": "candidate", "georeferenced": true, "issues": []}, {"id": "f343", "status": "candidate", "georeferenced": true, "issues": []}, {"id": "f344", "status": "candidate", "georeferenced": true, "issues": []}, {"id": "f345", "status": "candidate", "georeferenced": true, "issues": []}, {"id": "f346", "status": "candidate", "georeferenced": true, "issues": []}, {"id": "f347", "status": "candidate", "georeferenced": true, "issues": []}, {"id": "f348", "status": "candidate", "georeferenced": true, "issues": ["Quadra 11, lote 06: identificador reivindicado por 2 geometrias; confirmar registro/matrícula e vínculo espacial."]}, {"id": "f349", "status": "candidate", "georeferenced": true, "issues": []}, {"id": "f350", "status": "candidate", "georeferenced": true, "issues": []}, {"id": "f351", "status": "candidate", "georeferenced": true, "issues": []}, {"id": "f352", "status": "candidate", "georeferenced": true, "issues": []}, {"id": "f353", "status": "candidate", "georeferenced": true, "issues": []}, {"id": "f354", "status": "candidate", "georeferenced": true, "issues": []}, {"id": "f355", "status": "candidate", "georeferenced": true, "issues": []}, {"id": "f356", "status": "candidate", "georeferenced": true, "issues": []}, {"id": "f357", "status": "candidate", "georeferenced": true, "issues": []}, {"id": "f358", "status": "candidate", "georeferenced": true, "issues": []}, {"id": "f359", "status": "candidate", "georeferenced": true, "issues": []}, {"id": "f360", "status": "candidate", "georeferenced": true, "issues": []}, {"id": "f361", "status": "candidate", "georeferenced": true, "issues": []}, {"id": "f362", "status": "candidate", "georeferenced": true, "issues": []}, {"id": "f363", "status": "candidate", "georeferenced": true, "issues": []}, {"id": "f364", "status": "candidate", "georeferenced": true, "issues": ["Área do polígono difere 60% da tabela: conferir limites.", "Quadra não determinada pela tabela: confirmar."]}, {"id": "f365", "status": "candidate", "georeferenced": true, "issues": ["Área do polígono difere 61% da tabela: conferir limites.", "Quadra não determinada pela tabela: confirmar."]}, {"id": "f366", "status": "candidate", "georeferenced": true, "issues": []}, {"id": "f367", "status": "candidate", "georeferenced": true, "issues": ["Divergência de área superior a 5%.", "Área do polígono difere 13% da tabela: conferir limites."]}, {"id": "f368", "status": "candidate", "georeferenced": true, "issues": []}, {"id": "f369", "status": "candidate", "georeferenced": true, "issues": []}, {"id": "f370", "status": "candidate", "georeferenced": true, "issues": []}, {"id": "f371", "status": "candidate", "georeferenced": true, "issues": []}, {"id": "f372", "status": "candidate", "georeferenced": true, "issues": []}, {"id": "f373", "status": "candidate", "georeferenced": true, "issues": []}, {"id": "f374", "status": "candidate", "georeferenced": true, "issues": []}, {"id": "f375", "status": "candidate", "georeferenced": true, "issues": []}, {"id": "f376", "status": "candidate", "georeferenced": true, "issues": []}, {"id": "f377", "status": "candidate", "georeferenced": true, "issues": []}, {"id": "f378", "status": "candidate", "georeferenced": true, "issues": []}, {"id": "f379", "status": "candidate", "georeferenced": true, "issues": []}, {"id": "f380", "status": "candidate", "georeferenced": true, "issues": []}, {"id": "f381", "status": "candidate", "georeferenced": true, "issues": []}, {"id": "f382", "status": "candidate", "georeferenced": true, "issues": []}, {"id": "f383", "status": "candidate", "georeferenced": true, "issues": []}, {"id": "f384", "status": "candidate", "georeferenced": true, "issues": ["Área do polígono difere 50% da tabela: conferir limites.", "Quadra não determinada pela tabela: confirmar."]}, {"id": "f385", "status": "candidate", "georeferenced": true, "issues": []}, {"id": "f386", "status": "candidate", "georeferenced": true, "issues": ["Área do polígono difere 31% da tabela: conferir limites.", "Quadra não determinada pela tabela: confirmar."]}, {"id": "f387", "status": "candidate", "georeferenced": true, "issues": ["Área do polígono difere 48% da tabela: conferir limites.", "Quadra não determinada pela tabela: confirmar."]}, {"id": "f388", "status": "candidate", "georeferenced": true, "issues": []}, {"id": "f389", "status": "candidate", "georeferenced": true, "issues": []}, {"id": "f390", "status": "candidate", "georeferenced": true, "issues": ["Contorno obtido com ajuste alternativo das linhas, escolhido por concordar com a tabela: conferir visualmente."]}, {"id": "f391", "status": "candidate", "georeferenced": true, "issues": ["Área do polígono difere 39% da tabela: conferir limites.", "Quadra não determinada pela tabela: confirmar."]}, {"id": "f392", "status": "candidate", "georeferenced": true, "issues": []}, {"id": "f393", "status": "candidate", "georeferenced": true, "issues": []}, {"id": "f394", "status": "candidate", "georeferenced": true, "issues": []}, {"id": "f395", "status": "candidate", "georeferenced": true, "issues": []}, {"id": "f396", "status": "candidate", "georeferenced": true, "issues": []}, {"id": "f397", "status": "candidate", "georeferenced": true, "issues": []}, {"id": "f398", "status": "candidate", "georeferenced": true, "issues": []}, {"id": "f399", "status": "candidate", "georeferenced": true, "issues": []}, {"id": "f400", "status": "candidate", "georeferenced": true, "issues": []}, {"id": "f401", "status": "candidate", "georeferenced": true, "issues": []}, {"id": "f402", "status": "candidate", "georeferenced": true, "issues": []}, {"id": "f403", "status": "candidate", "georeferenced": true, "issues": []}, {"id": "f404", "status": "candidate", "georeferenced": true, "issues": []}, {"id": "f405", "status": "candidate", "georeferenced": true, "issues": []}, {"id": "f406", "status": "candidate", "georeferenced": true, "issues": []}, {"id": "f407", "status": "candidate", "georeferenced": true, "issues": []}, {"id": "f408", "status": "candidate", "georeferenced": true, "issues": []}, {"id": "f409", "status": "candidate", "georeferenced": true, "issues": []}, {"id": "f410", "status": "candidate", "georeferenced": true, "issues": []}, {"id": "f411", "status": "candidate", "georeferenced": true, "issues": []}, {"id": "f412", "status": "candidate", "georeferenced": true, "issues": []}, {"id": "f413", "status": "candidate", "georeferenced": true, "issues": []}, {"id": "f414", "status": "candidate", "georeferenced": true, "issues": []}, {"id": "f415", "status": "candidate", "georeferenced": true, "issues": []}, {"id": "f416", "status": "candidate", "georeferenced": true, "issues": []}, {"id": "f417", "status": "candidate", "georeferenced": true, "issues": []}, {"id": "f418", "status": "candidate", "georeferenced": true, "issues": []}, {"id": "f419", "status": "candidate", "georeferenced": true, "issues": []}, {"id": "f420", "status": "candidate", "georeferenced": true, "issues": []}, {"id": "f421", "status": "candidate", "georeferenced": true, "issues": []}, {"id": "f422", "status": "candidate", "georeferenced": true, "issues": []}, {"id": "f423", "status": "candidate", "georeferenced": true, "issues": []}, {"id": "f424", "status": "candidate", "georeferenced": true, "issues": []}, {"id": "f425", "status": "candidate", "georeferenced": true, "issues": []}, {"id": "f426", "status": "candidate", "georeferenced": true, "issues": []}, {"id": "f427", "status": "candidate", "georeferenced": true, "issues": []}, {"id": "f428", "status": "candidate", "georeferenced": true, "issues": []}, {"id": "f429", "status": "candidate", "georeferenced": true, "issues": []}, {"id": "f430", "status": "candidate", "georeferenced": true, "issues": []}, {"id": "f431", "status": "candidate", "georeferenced": true, "issues": []}, {"id": "f432", "status": "candidate", "georeferenced": true, "issues": []}, {"id": "f433", "status": "candidate", "georeferenced": true, "issues": []}, {"id": "f434", "status": "candidate", "georeferenced": true, "issues": []}, {"id": "f435", "status": "candidate", "georeferenced": true, "issues": []}, {"id": "f436", "status": "candidate", "georeferenced": true, "issues": []}, {"id": "f437", "status": "candidate", "georeferenced": true, "issues": []}, {"id": "f438", "status": "candidate", "georeferenced": true, "issues": []}, {"id": "f439", "status": "candidate", "georeferenced": true, "issues": []}, {"id": "f440", "status": "candidate", "georeferenced": true, "issues": []}, {"id": "f441", "status": "candidate", "georeferenced": true, "issues": []}, {"id": "f442", "status": "candidate", "georeferenced": true, "issues": []}, {"id": "f443", "status": "candidate", "georeferenced": true, "issues": []}, {"id": "f444", "status": "candidate", "georeferenced": true, "issues": []}, {"id": "f445", "status": "candidate", "georeferenced": true, "issues": []}, {"id": "f446", "status": "candidate", "georeferenced": true, "issues": []}, {"id": "f447", "status": "candidate", "georeferenced": true, "issues": []}, {"id": "f448", "status": "candidate", "georeferenced": true, "issues": []}, {"id": "f449", "status": "candidate", "georeferenced": true, "issues": []}, {"id": "f450", "status": "candidate", "georeferenced": true, "issues": ["Área do polígono difere 32% da tabela: conferir limites.", "Quadra não determinada pela tabela: confirmar."]}, {"id": "f451", "status": "candidate", "georeferenced": true, "issues": ["Área do polígono difere 44% da tabela: conferir limites.", "Quadra não determinada pela tabela: confirmar."]}, {"id": "f452", "status": "candidate", "georeferenced": true, "issues": []}, {"id": "f453", "status": "candidate", "georeferenced": true, "issues": []}, {"id": "f454", "status": "candidate", "georeferenced": true, "issues": []}, {"id": "f455", "status": "candidate", "georeferenced": true, "issues": ["Área do polígono difere 57% da tabela: conferir limites.", "Quadra não determinada pela tabela: confirmar."]}, {"id": "f456", "status": "candidate", "georeferenced": true, "issues": ["Área do polígono difere 87% da tabela: conferir limites.", "Quadra não determinada pela tabela: confirmar."]}, {"id": "f457", "status": "candidate", "georeferenced": true, "issues": []}, {"id": "f458", "status": "candidate", "georeferenced": true, "issues": []}, {"id": "f459", "status": "candidate", "georeferenced": true, "issues": []}, {"id": "f460", "status": "candidate", "georeferenced": true, "issues": []}, {"id": "f461", "status": "candidate", "georeferenced": true, "issues": []}, {"id": "f462", "status": "candidate", "georeferenced": true, "issues": []}, {"id": "f463", "status": "candidate", "georeferenced": true, "issues": []}, {"id": "f464", "status": "candidate", "georeferenced": true, "issues": []}, {"id": "f465", "status": "candidate", "georeferenced": true, "issues": []}, {"id": "f466", "status": "candidate", "georeferenced": true, "issues": []}, {"id": "f467", "status": "candidate", "georeferenced": true, "issues": []}, {"id": "f468", "status": "candidate", "georeferenced": true, "issues": ["Divergência de área superior a 5%.", "Área do polígono difere 12% da tabela: conferir limites.", "Contorno obtido com ajuste alternativo das linhas, escolhido por concordar com a tabela: conferir visualmente."]}, {"id": "f469", "status": "candidate", "georeferenced": true, "issues": []}, {"id": "f470", "status": "candidate", "georeferenced": true, "issues": []}, {"id": "f471", "status": "candidate", "georeferenced": true, "issues": []}, {"id": "f472", "status": "candidate", "georeferenced": true, "issues": []}, {"id": "f473", "status": "candidate", "georeferenced": true, "issues": []}, {"id": "f474", "status": "candidate", "georeferenced": true, "issues": []}, {"id": "f475", "status": "candidate", "georeferenced": true, "issues": []}, {"id": "f476", "status": "candidate", "georeferenced": true, "issues": []}, {"id": "f477", "status": "candidate", "georeferenced": true, "issues": []}, {"id": "f478", "status": "candidate", "georeferenced": true, "issues": []}, {"id": "f479", "status": "candidate", "georeferenced": true, "issues": []}, {"id": "f480", "status": "candidate", "georeferenced": true, "issues": []}, {"id": "f481", "status": "candidate", "georeferenced": true, "issues": []}, {"id": "f482", "status": "candidate", "georeferenced": true, "issues": []}, {"id": "f483", "status": "candidate", "georeferenced": true, "issues": []}, {"id": "f484", "status": "candidate", "georeferenced": true, "issues": []}, {"id": "f485", "status": "candidate", "georeferenced": true, "issues": []}, {"id": "f486", "status": "candidate", "georeferenced": true, "issues": []}, {"id": "f487", "status": "candidate", "georeferenced": true, "issues": ["47 de 50 lotes da tabela nesta parte da quadra.", "Parte da quadra sem todos os lotes: conferir."]}, {"id": "f488", "status": "candidate", "georeferenced": true, "issues": ["44 de 46 lotes da tabela nesta parte da quadra.", "Parte da quadra sem todos os lotes: conferir."]}, {"id": "f489", "status": "candidate", "georeferenced": true, "issues": ["5 de 32 lotes da tabela nesta parte da quadra.", "Parte da quadra sem todos os lotes: conferir."]}, {"id": "f490", "status": "candidate", "georeferenced": true, "issues": ["24 de 32 lotes da tabela nesta parte da quadra.", "Parte da quadra sem todos os lotes: conferir."]}, {"id": "f491", "status": "candidate", "georeferenced": true, "issues": ["49 de 55 lotes da tabela nesta parte da quadra.", "Parte da quadra sem todos os lotes: conferir."]}, {"id": "f492", "status": "candidate", "georeferenced": true, "issues": ["21 de 46 lotes da tabela nesta parte da quadra.", "Parte da quadra sem todos os lotes: conferir."]}, {"id": "f493", "status": "candidate", "georeferenced": true, "issues": ["16 de 46 lotes da tabela nesta parte da quadra.", "Parte da quadra sem todos os lotes: conferir."]}, {"id": "f494", "status": "candidate", "georeferenced": true, "issues": ["43 de 43 lotes da tabela nesta parte da quadra."]}, {"id": "f495", "status": "candidate", "georeferenced": true, "issues": ["14 de 47 lotes da tabela nesta parte da quadra.", "Parte da quadra sem todos os lotes: conferir."]}, {"id": "f496", "status": "candidate", "georeferenced": true, "issues": ["25 de 47 lotes da tabela nesta parte da quadra.", "Parte da quadra sem todos os lotes: conferir."]}, {"id": "f497", "status": "candidate", "georeferenced": true, "issues": ["12 de 59 lotes da tabela nesta parte da quadra.", "Parte da quadra sem todos os lotes: conferir."]}, {"id": "f498", "status": "candidate", "georeferenced": true, "issues": ["12 de 59 lotes da tabela nesta parte da quadra.", "Parte da quadra sem todos os lotes: conferir."]}, {"id": "f499", "status": "candidate", "georeferenced": true, "issues": ["20 de 59 lotes da tabela nesta parte da quadra.", "Parte da quadra sem todos os lotes: conferir."]}, {"id": "f500", "status": "candidate", "georeferenced": true, "issues": ["5 de 41 lotes da tabela nesta parte da quadra.", "Parte da quadra sem todos os lotes: conferir."]}, {"id": "f501", "status": "candidate", "georeferenced": true, "issues": ["8 de 41 lotes da tabela nesta parte da quadra.", "Parte da quadra sem todos os lotes: conferir."]}, {"id": "f502", "status": "candidate", "georeferenced": true, "issues": ["13 de 41 lotes da tabela nesta parte da quadra.", "Parte da quadra sem todos os lotes: conferir."]}, {"id": "f503", "status": "candidate", "georeferenced": true, "issues": ["4 de 41 lotes da tabela nesta parte da quadra.", "Parte da quadra sem todos os lotes: conferir."]}, {"id": "f504", "status": "candidate", "georeferenced": true, "issues": ["52 de 63 lotes da tabela nesta parte da quadra.", "Parte da quadra sem todos os lotes: conferir."]}, {"id": "f505", "status": "candidate", "georeferenced": true, "issues": ["11 de 11 lotes da tabela nesta parte da quadra."]}, {"id": "f506", "status": "candidate", "georeferenced": true, "issues": ["Conferir o contorno sobre a planta antes de aceitar; a concordância com o carimbo não substitui a conferência visual."]}, {"id": "a1_1", "status": "candidate", "georeferenced": true, "issues": ["Sem evidência suficiente para identificar a classe."]}, {"id": "a1_2", "status": "candidate", "georeferenced": true, "issues": ["Sem evidência suficiente para identificar a classe."]}, {"id": "a1_3", "status": "candidate", "georeferenced": true, "issues": ["Sem evidência suficiente para identificar a classe."]}, {"id": "a1_4", "status": "candidate", "georeferenced": true, "issues": ["Sem evidência suficiente para identificar a classe."]}, {"id": "a1_5", "status": "candidate", "georeferenced": true, "issues": ["Sem evidência suficiente para identificar a classe."]}, {"id": "a1_6", "status": "candidate", "georeferenced": true, "issues": ["Sem evidência suficiente para identificar a classe."]}, {"id": "a1_7", "status": "candidate", "georeferenced": true, "issues": ["Sem evidência suficiente para identificar a classe."]}, {"id": "a1_8", "status": "candidate", "georeferenced": true, "issues": ["Sem evidência suficiente para identificar a classe."]}, {"id": "a1_9", "status": "candidate", "georeferenced": true, "issues": ["Sem evidência suficiente para identificar a classe."]}, {"id": "a1_10", "status": "candidate", "georeferenced": true, "issues": ["Sem evidência suficiente para identificar a classe."]}, {"id": "a1_11", "status": "candidate", "georeferenced": true, "issues": ["Sem evidência suficiente para identificar a classe."]}, {"id": "a1_12", "status": "candidate", "georeferenced": true, "issues": ["Sem evidência suficiente para identificar a classe."]}, {"id": "a1_13", "status": "candidate", "georeferenced": true, "issues": ["Sem evidência suficiente para identificar a classe."]}, {"id": "a1_14", "status": "candidate", "georeferenced": true, "issues": ["Sem evidência suficiente para identificar a classe."]}, {"id": "a1_15", "status": "candidate", "georeferenced": true, "issues": ["Sem evidência suficiente para identificar a classe."]}, {"id": "a1_16", "status": "candidate", "georeferenced": true, "issues": ["Sem evidência suficiente para identificar a classe."]}, {"id": "a1_17", "status": "candidate", "georeferenced": true, "issues": ["Sem evidência suficiente para identificar a classe."]}, {"id": "a1_18", "status": "candidate", "georeferenced": true, "issues": ["Sem evidência suficiente para identificar a classe."]}, {"id": "a1_19", "status": "candidate", "georeferenced": true, "issues": ["Sem evidência suficiente para identificar a classe."]}, {"id": "a1_20", "status": "candidate", "georeferenced": true, "issues": ["Sem evidência suficiente para identificar a classe."]}, {"id": "a1_21", "status": "candidate", "georeferenced": true, "issues": ["Sem evidência suficiente para identificar a classe."]}, {"id": "a1_22", "status": "candidate", "georeferenced": true, "issues": ["Sem evidência suficiente para identificar a classe."]}, {"id": "a1_23", "status": "candidate", "georeferenced": true, "issues": ["Sem evidência suficiente para identificar a classe."]}, {"id": "a1_24", "status": "candidate", "georeferenced": true, "issues": ["Sem evidência suficiente para identificar a classe."]}, {"id": "a1_25", "status": "candidate", "georeferenced": true, "issues": ["Sem evidência suficiente para identificar a classe."]}, {"id": "a1_26", "status": "candidate", "georeferenced": true, "issues": ["Sem evidência suficiente para identificar a classe."]}, {"id": "a1_27", "status": "candidate", "georeferenced": true, "issues": ["Sem evidência suficiente para identificar a classe."]}, {"id": "a1_28", "status": "candidate", "georeferenced": true, "issues": ["Sem evidência suficiente para identificar a classe."]}, {"id": "a1_29", "status": "candidate", "georeferenced": true, "issues": ["Sem evidência suficiente para identificar a classe."]}, {"id": "a1_30", "status": "candidate", "georeferenced": true, "issues": ["Sem evidência suficiente para identificar a classe."]}, {"id": "a1_31", "status": "candidate", "georeferenced": true, "issues": ["Sem evidência suficiente para identificar a classe."]}, {"id": "a1_32", "status": "candidate", "georeferenced": true, "issues": ["Sem evidência suficiente para identificar a classe."]}, {"id": "a1_33", "status": "candidate", "georeferenced": true, "issues": ["Sem evidência suficiente para identificar a classe."]}, {"id": "a1_34", "status": "candidate", "georeferenced": true, "issues": ["Sem evidência suficiente para identificar a classe."]}, {"id": "a1_35", "status": "candidate", "georeferenced": true, "issues": ["Sem evidência suficiente para identificar a classe."]}, {"id": "a1_36", "status": "candidate", "georeferenced": true, "issues": ["Sem evidência suficiente para identificar a classe."]}, {"id": "a1_37", "status": "candidate", "georeferenced": true, "issues": ["Sem evidência suficiente para identificar a classe."]}, {"id": "a1_38", "status": "candidate", "georeferenced": true, "issues": ["Sem evidência suficiente para identificar a classe."]}, {"id": "a1_39", "status": "candidate", "georeferenced": true, "issues": ["Sem evidência suficiente para identificar a classe."]}, {"id": "a1_40", "status": "candidate", "georeferenced": true, "issues": ["Sem evidência suficiente para identificar a classe."]}, {"id": "a1_41", "status": "candidate", "georeferenced": true, "issues": ["Sem evidência suficiente para identificar a classe."]}, {"id": "a1_42", "status": "candidate", "georeferenced": true, "issues": ["Sem evidência suficiente para identificar a classe."]}, {"id": "a1_43", "status": "candidate", "georeferenced": true, "issues": ["Sem evidência suficiente para identificar a classe."]}, {"id": "a1_44", "status": "candidate", "georeferenced": true, "issues": ["Sem evidência suficiente para identificar a classe."]}, {"id": "a1_45", "status": "candidate", "georeferenced": true, "issues": ["Sem evidência suficiente para identificar a classe."]}, {"id": "a1_46", "status": "candidate", "georeferenced": true, "issues": ["Sem evidência suficiente para identificar a classe."]}, {"id": "a1_47", "status": "candidate", "georeferenced": true, "issues": ["Sem evidência suficiente para identificar a classe."]}, {"id": "a1_48", "status": "candidate", "georeferenced": true, "issues": ["Sem evidência suficiente para identificar a classe."]}, {"id": "a1_49", "status": "candidate", "georeferenced": true, "issues": ["Sem evidência suficiente para identificar a classe."]}, {"id": "a1_50", "status": "candidate", "georeferenced": true, "issues": ["Sem evidência suficiente para identificar a classe."]}, {"id": "a1_51", "status": "candidate", "georeferenced": true, "issues": ["Sem evidência suficiente para identificar a classe."]}, {"id": "a1_52", "status": "candidate", "georeferenced": true, "issues": ["Sem evidência suficiente para identificar a classe."]}, {"id": "a1_53", "status": "candidate", "georeferenced": true, "issues": ["Sem evidência suficiente para identificar a classe."]}, {"id": "a1_54", "status": "candidate", "georeferenced": true, "issues": ["Sem evidência suficiente para identificar a classe."]}, {"id": "a1_55", "status": "candidate", "georeferenced": true, "issues": ["Sem evidência suficiente para identificar a classe."]}, {"id": "a1_56", "status": "candidate", "georeferenced": true, "issues": ["Sem evidência suficiente para identificar a classe."]}, {"id": "a1_57", "status": "candidate", "georeferenced": true, "issues": ["Sem evidência suficiente para identificar a classe."]}, {"id": "a1_58", "status": "candidate", "georeferenced": true, "issues": ["Sem evidência suficiente para identificar a classe."]}, {"id": "a1_59", "status": "candidate", "georeferenced": true, "issues": ["Sem evidência suficiente para identificar a classe."]}, {"id": "a1_60", "status": "candidate", "georeferenced": true, "issues": ["Sem evidência suficiente para identificar a classe."]}, {"id": "a1_61", "status": "candidate", "georeferenced": true, "issues": ["Sem evidência suficiente para identificar a classe."]}, {"id": "a1_62", "status": "candidate", "georeferenced": true, "issues": ["Sem evidência suficiente para identificar a classe."]}, {"id": "a1_63", "status": "candidate", "georeferenced": true, "issues": ["Sem evidência suficiente para identificar a classe."]}, {"id": "a1_64", "status": "candidate", "georeferenced": true, "issues": ["Sem evidência suficiente para identificar a classe."]}, {"id": "a1_65", "status": "candidate", "georeferenced": true, "issues": ["Sem evidência suficiente para identificar a classe."]}, {"id": "a1_66", "status": "candidate", "georeferenced": true, "issues": ["Sem evidência suficiente para identificar a classe."]}, {"id": "a1_67", "status": "candidate", "georeferenced": true, "issues": ["Sem evidência suficiente para identificar a classe."]}, {"id": "a1_68", "status": "candidate", "georeferenced": true, "issues": ["Sem evidência suficiente para identificar a classe."]}, {"id": "a1_69", "status": "candidate", "georeferenced": true, "issues": ["Sem evidência suficiente para identificar a classe."]}, {"id": "a1_70", "status": "candidate", "georeferenced": true, "issues": ["Sem evidência suficiente para identificar a classe."]}, {"id": "a1_71", "status": "candidate", "georeferenced": true, "issues": ["Sem evidência suficiente para identificar a classe."]}, {"id": "a1_72", "status": "candidate", "georeferenced": true, "issues": ["Sem evidência suficiente para identificar a classe."]}, {"id": "a1_73", "status": "candidate", "georeferenced": true, "issues": ["Sem evidência suficiente para identificar a classe."]}, {"id": "a1_74", "status": "candidate", "georeferenced": true, "issues": ["Sem evidência suficiente para identificar a classe."]}, {"id": "a1_75", "status": "candidate", "georeferenced": true, "issues": ["Sem evidência suficiente para identificar a classe."]}, {"id": "a1_76", "status": "candidate", "georeferenced": true, "issues": ["Sem evidência suficiente para identificar a classe."]}, {"id": "a1_77", "status": "candidate", "georeferenced": true, "issues": ["Sem evidência suficiente para identificar a classe."]}, {"id": "a1_78", "status": "candidate", "georeferenced": true, "issues": ["Sem evidência suficiente para identificar a classe."]}, {"id": "a1_79", "status": "candidate", "georeferenced": true, "issues": ["Sem evidência suficiente para identificar a classe."]}, {"id": "a1_80", "status": "candidate", "georeferenced": true, "issues": ["Sem evidência suficiente para identificar a classe."]}, {"id": "a1_81", "status": "candidate", "georeferenced": true, "issues": ["Sem evidência suficiente para identificar a classe."]}, {"id": "a1_82", "status": "candidate", "georeferenced": true, "issues": ["Sem evidência suficiente para identificar a classe."]}, {"id": "a1_83", "status": "candidate", "georeferenced": true, "issues": ["Sem evidência suficiente para identificar a classe."]}, {"id": "a1_84", "status": "candidate", "georeferenced": true, "issues": ["Sem evidência suficiente para identificar a classe."]}, {"id": "a1_85", "status": "candidate", "georeferenced": true, "issues": ["Sem evidência suficiente para identificar a classe."]}, {"id": "a1_86", "status": "candidate", "georeferenced": true, "issues": ["Sem evidência suficiente para identificar a classe."]}, {"id": "a1_87", "status": "candidate", "georeferenced": true, "issues": ["Sem evidência suficiente para identificar a classe."]}, {"id": "a1_88", "status": "candidate", "georeferenced": true, "issues": ["Sem evidência suficiente para identificar a classe."]}, {"id": "a1_89", "status": "candidate", "georeferenced": true, "issues": ["Sem evidência suficiente para identificar a classe."]}, {"id": "a1_90", "status": "candidate", "georeferenced": true, "issues": ["Sem evidência suficiente para identificar a classe."]}, {"id": "a1_91", "status": "candidate", "georeferenced": true, "issues": ["Sem evidência suficiente para identificar a classe."]}, {"id": "a1_92", "status": "candidate", "georeferenced": true, "issues": ["Sem evidência suficiente para identificar a classe."]}, {"id": "a1_93", "status": "candidate", "georeferenced": true, "issues": ["Sem evidência suficiente para identificar a classe."]}, {"id": "a1_94", "status": "candidate", "georeferenced": true, "issues": ["Sem evidência suficiente para identificar a classe."]}, {"id": "a1_95", "status": "candidate", "georeferenced": true, "issues": ["Sem evidência suficiente para identificar a classe."]}, {"id": "a1_96", "status": "candidate", "georeferenced": true, "issues": ["Sem evidência suficiente para identificar a classe."]}, {"id": "a1_97", "status": "candidate", "georeferenced": true, "issues": ["Sem evidência suficiente para identificar a classe."]}, {"id": "a1_98", "status": "candidate", "georeferenced": true, "issues": ["Sem evidência suficiente para identificar a classe."]}, {"id": "a1_99", "status": "candidate", "georeferenced": true, "issues": ["Sem evidência suficiente para identificar a classe."]}, {"id": "a1_100", "status": "candidate", "georeferenced": true, "issues": ["Sem evidência suficiente para identificar a classe."]}, {"id": "a1_101", "status": "candidate", "georeferenced": true, "issues": ["Sem evidência suficiente para identificar a classe."]}, {"id": "a1_102", "status": "candidate", "georeferenced": true, "issues": ["Sem evidência suficiente para identificar a classe."]}, {"id": "a1_103", "status": "candidate", "georeferenced": true, "issues": ["Sem evidência suficiente para identificar a classe."]}, {"id": "a1_104", "status": "candidate", "georeferenced": true, "issues": ["Sem evidência suficiente para identificar a classe."]}, {"id": "a1_105", "status": "candidate", "georeferenced": true, "issues": ["Sem evidência suficiente para identificar a classe."]}, {"id": "a1_106", "status": "candidate", "georeferenced": true, "issues": ["Sem evidência suficiente para identificar a classe."]}, {"id": "a1_107", "status": "candidate", "georeferenced": true, "issues": ["Sem evidência suficiente para identificar a classe."]}, {"id": "a1_108", "status": "candidate", "georeferenced": true, "issues": ["Sem evidência suficiente para identificar a classe."]}, {"id": "a1_109", "status": "candidate", "georeferenced": true, "issues": ["Sem evidência suficiente para identificar a classe."]}, {"id": "a1_110", "status": "candidate", "georeferenced": true, "issues": ["Sem evidência suficiente para identificar a classe."]}, {"id": "a1_111", "status": "candidate", "georeferenced": true, "issues": ["Sem evidência suficiente para identificar a classe."]}, {"id": "a1_112", "status": "candidate", "georeferenced": true, "issues": ["Sem evidência suficiente para identificar a classe."]}, {"id": "a1_113", "status": "candidate", "georeferenced": true, "issues": ["Sem evidência suficiente para identificar a classe."]}, {"id": "a1_114", "status": "candidate", "georeferenced": true, "issues": ["Sem evidência suficiente para identificar a classe."]}, {"id": "a1_115", "status": "candidate", "georeferenced": true, "issues": ["Sem evidência suficiente para identificar a classe."]}, {"id": "a1_116", "status": "candidate", "georeferenced": true, "issues": ["Sem evidência suficiente para identificar a classe."]}, {"id": "a1_117", "status": "candidate", "georeferenced": true, "issues": ["Sem evidência suficiente para identificar a classe."]}, {"id": "a1_118", "status": "candidate", "georeferenced": true, "issues": ["Sem evidência suficiente para identificar a classe."]}, {"id": "a1_119", "status": "candidate", "georeferenced": true, "issues": ["Sem evidência suficiente para identificar a classe."]}, {"id": "a1_120", "status": "candidate", "georeferenced": true, "issues": ["Sem evidência suficiente para identificar a classe."]}, {"id": "a1_121", "status": "candidate", "georeferenced": true, "issues": ["Sem evidência suficiente para identificar a classe."]}, {"id": "a1_122", "status": "candidate", "georeferenced": true, "issues": ["Sem evidência suficiente para identificar a classe."]}, {"id": "a1_123", "status": "candidate", "georeferenced": true, "issues": ["Sem evidência suficiente para identificar a classe."]}, {"id": "a1_124", "status": "candidate", "georeferenced": true, "issues": ["Sem evidência suficiente para identificar a classe."]}, {"id": "a1_125", "status": "candidate", "georeferenced": true, "issues": ["Sem evidência suficiente para identificar a classe."]}, {"id": "a1_126", "status": "candidate", "georeferenced": true, "issues": ["Sem evidência suficiente para identificar a classe."]}, {"id": "a1_127", "status": "candidate", "georeferenced": true, "issues": ["Sem evidência suficiente para identificar a classe."]}, {"id": "a1_128", "status": "candidate", "georeferenced": true, "issues": ["Sem evidência suficiente para identificar a classe."]}, {"id": "a1_129", "status": "candidate", "georeferenced": true, "issues": ["Sem evidência suficiente para identificar a classe."]}, {"id": "a1_130", "status": "candidate", "georeferenced": true, "issues": ["Sem evidência suficiente para identificar a classe."]}, {"id": "a1_131", "status": "candidate", "georeferenced": true, "issues": ["Sem evidência suficiente para identificar a classe."]}, {"id": "a1_132", "status": "candidate", "georeferenced": true, "issues": ["Sem evidência suficiente para identificar a classe."]}, {"id": "a1_133", "status": "candidate", "georeferenced": true, "issues": ["Sem evidência suficiente para identificar a classe."]}, {"id": "a1_134", "status": "candidate", "georeferenced": true, "issues": ["Sem evidência suficiente para identificar a classe."]}, {"id": "a1_135", "status": "candidate", "georeferenced": true, "issues": ["Sem evidência suficiente para identificar a classe."]}, {"id": "a1_136", "status": "candidate", "georeferenced": true, "issues": ["Sem evidência suficiente para identificar a classe."]}, {"id": "a1_137", "status": "candidate", "georeferenced": true, "issues": ["Sem evidência suficiente para identificar a classe."]}, {"id": "a1_138", "status": "candidate", "georeferenced": true, "issues": ["Sem evidência suficiente para identificar a classe."]}, {"id": "a1_139", "status": "candidate", "georeferenced": true, "issues": ["Sem evidência suficiente para identificar a classe."]}, {"id": "a1_140", "status": "candidate", "georeferenced": true, "issues": ["Sem evidência suficiente para identificar a classe."]}, {"id": "a1_141", "status": "candidate", "georeferenced": true, "issues": ["Sem evidência suficiente para identificar a classe."]}, {"id": "a1_142", "status": "candidate", "georeferenced": true, "issues": ["Sem evidência suficiente para identificar a classe."]}, {"id": "a1_143", "status": "candidate", "georeferenced": true, "issues": ["Sem evidência suficiente para identificar a classe."]}, {"id": "a1_144", "status": "candidate", "georeferenced": true, "issues": ["Sem evidência suficiente para identificar a classe."]}, {"id": "a1_145", "status": "candidate", "georeferenced": true, "issues": ["Sem evidência suficiente para identificar a classe."]}, {"id": "a1_146", "status": "candidate", "georeferenced": true, "issues": ["Sem evidência suficiente para identificar a classe."]}, {"id": "a1_147", "status": "candidate", "georeferenced": true, "issues": ["Sem evidência suficiente para identificar a classe."]}, {"id": "a1_148", "status": "candidate", "georeferenced": true, "issues": ["Sem evidência suficiente para identificar a classe."]}, {"id": "a1_149", "status": "candidate", "georeferenced": true, "issues": ["Sem evidência suficiente para identificar a classe."]}, {"id": "a1_150", "status": "candidate", "georeferenced": true, "issues": ["Sem evidência suficiente para identificar a classe."]}, {"id": "a1_151", "status": "candidate", "georeferenced": true, "issues": ["Sem evidência suficiente para identificar a classe."]}, {"id": "a1_152", "status": "candidate", "georeferenced": true, "issues": ["Sem evidência suficiente para identificar a classe."]}, {"id": "a1_153", "status": "candidate", "georeferenced": true, "issues": ["Sem evidência suficiente para identificar a classe."]}, {"id": "a1_154", "status": "candidate", "georeferenced": true, "issues": ["Sem evidência suficiente para identificar a classe."]}, {"id": "a1_155", "status": "candidate", "georeferenced": true, "issues": ["Sem evidência suficiente para identificar a classe."]}, {"id": "a1_156", "status": "candidate", "georeferenced": true, "issues": ["Sem evidência suficiente para identificar a classe."]}, {"id": "a1_157", "status": "candidate", "georeferenced": true, "issues": ["Sem evidência suficiente para identificar a classe."]}, {"id": "a1_158", "status": "candidate", "georeferenced": true, "issues": ["Sem evidência suficiente para identificar a classe."]}, {"id": "a1_159", "status": "candidate", "georeferenced": true, "issues": ["Sem evidência suficiente para identificar a classe."]}, {"id": "a1_160", "status": "candidate", "georeferenced": true, "issues": ["Sem evidência suficiente para identificar a classe."]}, {"id": "a1_161", "status": "candidate", "georeferenced": true, "issues": ["Sem evidência suficiente para identificar a classe."]}, {"id": "a1_162", "status": "candidate", "georeferenced": true, "issues": ["Sem evidência suficiente para identificar a classe."]}, {"id": "a1_163", "status": "candidate", "georeferenced": true, "issues": ["Sem evidência suficiente para identificar a classe."]}, {"id": "a1_164", "status": "candidate", "georeferenced": true, "issues": ["Sem evidência suficiente para identificar a classe."]}, {"id": "a1_165", "status": "candidate", "georeferenced": true, "issues": ["Sem evidência suficiente para identificar a classe."]}, {"id": "a1_166", "status": "candidate", "georeferenced": true, "issues": ["Sem evidência suficiente para identificar a classe."]}, {"id": "a1_167", "status": "candidate", "georeferenced": true, "issues": ["Sem evidência suficiente para identificar a classe."]}, {"id": "a1_168", "status": "candidate", "georeferenced": true, "issues": ["Sem evidência suficiente para identificar a classe."]}, {"id": "a1_169", "status": "candidate", "georeferenced": true, "issues": ["Sem evidência suficiente para identificar a classe."]}, {"id": "a1_170", "status": "candidate", "georeferenced": true, "issues": ["Sem evidência suficiente para identificar a classe."]}, {"id": "a1_171", "status": "candidate", "georeferenced": true, "issues": ["Sem evidência suficiente para identificar a classe."]}, {"id": "a1_172", "status": "candidate", "georeferenced": true, "issues": ["Sem evidência suficiente para identificar a classe."]}, {"id": "a1_173", "status": "candidate", "georeferenced": true, "issues": ["Sem evidência suficiente para identificar a classe."]}, {"id": "a1_174", "status": "candidate", "georeferenced": true, "issues": ["Sem evidência suficiente para identificar a classe."]}, {"id": "a1_175", "status": "candidate", "georeferenced": true, "issues": ["Sem evidência suficiente para identificar a classe."]}, {"id": "a1_176", "status": "candidate", "georeferenced": true, "issues": ["Sem evidência suficiente para identificar a classe."]}, {"id": "a1_177", "status": "candidate", "georeferenced": true, "issues": ["Sem evidência suficiente para identificar a classe."]}, {"id": "a1_178", "status": "candidate", "georeferenced": true, "issues": ["Sem evidência suficiente para identificar a classe."]}, {"id": "a1_179", "status": "candidate", "georeferenced": true, "issues": ["Sem evidência suficiente para identificar a classe."]}, {"id": "a1_180", "status": "candidate", "georeferenced": true, "issues": ["Sem evidência suficiente para identificar a classe."]}, {"id": "a1_181", "status": "candidate", "georeferenced": true, "issues": ["Sem evidência suficiente para identificar a classe."]}, {"id": "a1_182", "status": "candidate", "georeferenced": true, "issues": ["Sem evidência suficiente para identificar a classe."]}, {"id": "a1_183", "status": "candidate", "georeferenced": true, "issues": ["Sem evidência suficiente para identificar a classe."]}, {"id": "a1_184", "status": "candidate", "georeferenced": true, "issues": ["Sem evidência suficiente para identificar a classe."]}, {"id": "a1_185", "status": "candidate", "georeferenced": true, "issues": ["Sem evidência suficiente para identificar a classe."]}, {"id": "a1_186", "status": "candidate", "georeferenced": true, "issues": ["Sem evidência suficiente para identificar a classe."]}, {"id": "a1_187", "status": "candidate", "georeferenced": true, "issues": ["Sem evidência suficiente para identificar a classe."]}, {"id": "a1_188", "status": "candidate", "georeferenced": true, "issues": ["Sem evidência suficiente para identificar a classe."]}, {"id": "a1_189", "status": "candidate", "georeferenced": true, "issues": ["Sem evidência suficiente para identificar a classe."]}, {"id": "a1_190", "status": "candidate", "georeferenced": true, "issues": ["Sem evidência suficiente para identificar a classe."]}, {"id": "a1_191", "status": "candidate", "georeferenced": true, "issues": ["Sem evidência suficiente para identificar a classe."]}, {"id": "a1_192", "status": "candidate", "georeferenced": true, "issues": ["Sem evidência suficiente para identificar a classe."]}, {"id": "a1_193", "status": "candidate", "georeferenced": true, "issues": ["Sem evidência suficiente para identificar a classe."]}, {"id": "a1_194", "status": "candidate", "georeferenced": true, "issues": ["Sem evidência suficiente para identificar a classe."]}, {"id": "a1_195", "status": "candidate", "georeferenced": true, "issues": ["Sem evidência suficiente para identificar a classe."]}, {"id": "a1_196", "status": "candidate", "georeferenced": true, "issues": ["Sem evidência suficiente para identificar a classe."]}, {"id": "a1_197", "status": "candidate", "georeferenced": true, "issues": ["Sem evidência suficiente para identificar a classe."]}, {"id": "a1_198", "status": "candidate", "georeferenced": true, "issues": ["Sem evidência suficiente para identificar a classe."]}, {"id": "a1_199", "status": "candidate", "georeferenced": true, "issues": ["Sem evidência suficiente para identificar a classe."]}, {"id": "a1_200", "status": "candidate", "georeferenced": true, "issues": ["Sem evidência suficiente para identificar a classe."]}, {"id": "a1_201", "status": "candidate", "georeferenced": true, "issues": ["Sem evidência suficiente para identificar a classe."]}, {"id": "a1_202", "status": "candidate", "georeferenced": true, "issues": ["Sem evidência suficiente para identificar a classe."]}, {"id": "a1_203", "status": "candidate", "georeferenced": true, "issues": ["Sem evidência suficiente para identificar a classe."]}, {"id": "a1_204", "status": "candidate", "georeferenced": true, "issues": ["Sem evidência suficiente para identificar a classe."]}, {"id": "a1_205", "status": "candidate", "georeferenced": true, "issues": ["Sem evidência suficiente para identificar a classe."]}, {"id": "a1_206", "status": "candidate", "georeferenced": true, "issues": ["Sem evidência suficiente para identificar a classe."]}, {"id": "a1_207", "status": "candidate", "georeferenced": true, "issues": ["Sem evidência suficiente para identificar a classe."]}, {"id": "a1_208", "status": "candidate", "georeferenced": true, "issues": ["Sem evidência suficiente para identificar a classe."]}, {"id": "a1_209", "status": "candidate", "georeferenced": true, "issues": ["Sem evidência suficiente para identificar a classe."]}, {"id": "a1_210", "status": "candidate", "georeferenced": true, "issues": ["Sem evidência suficiente para identificar a classe."]}, {"id": "a1_211", "status": "candidate", "georeferenced": true, "issues": ["Sem evidência suficiente para identificar a classe."]}, {"id": "a1_212", "status": "candidate", "georeferenced": true, "issues": ["Sem evidência suficiente para identificar a classe."]}, {"id": "a1_213", "status": "candidate", "georeferenced": true, "issues": ["Sem evidência suficiente para identificar a classe."]}, {"id": "a1_214", "status": "candidate", "georeferenced": true, "issues": ["Sem evidência suficiente para identificar a classe."]}, {"id": "a1_215", "status": "candidate", "georeferenced": true, "issues": ["Sem evidência suficiente para identificar a classe."]}, {"id": "a1_216", "status": "candidate", "georeferenced": true, "issues": ["Sem evidência suficiente para identificar a classe."]}, {"id": "a1_217", "status": "candidate", "georeferenced": true, "issues": ["Sem evidência suficiente para identificar a classe."]}, {"id": "a1_218", "status": "candidate", "georeferenced": true, "issues": ["Sem evidência suficiente para identificar a classe."]}, {"id": "a1_219", "status": "candidate", "georeferenced": true, "issues": ["Sem evidência suficiente para identificar a classe."]}, {"id": "a1_220", "status": "candidate", "georeferenced": true, "issues": ["Sem evidência suficiente para identificar a classe."]}, {"id": "a1_221", "status": "candidate", "georeferenced": true, "issues": ["Sem evidência suficiente para identificar a classe."]}, {"id": "a1_222", "status": "candidate", "georeferenced": true, "issues": ["Sem evidência suficiente para identificar a classe."]}, {"id": "a1_223", "status": "candidate", "georeferenced": true, "issues": ["Sem evidência suficiente para identificar a classe."]}, {"id": "a1_224", "status": "candidate", "georeferenced": true, "issues": ["Sem evidência suficiente para identificar a classe."]}, {"id": "a1_225", "status": "candidate", "georeferenced": true, "issues": ["Sem evidência suficiente para identificar a classe."]}, {"id": "a1_226", "status": "candidate", "georeferenced": true, "issues": ["Sem evidência suficiente para identificar a classe."]}, {"id": "a1_227", "status": "candidate", "georeferenced": true, "issues": ["Sem evidência suficiente para identificar a classe."]}, {"id": "a1_228", "status": "candidate", "georeferenced": true, "issues": ["Sem evidência suficiente para identificar a classe."]}, {"id": "a1_229", "status": "candidate", "georeferenced": true, "issues": ["Sem evidência suficiente para identificar a classe."]}, {"id": "a1_230", "status": "candidate", "georeferenced": true, "issues": ["Sem evidência suficiente para identificar a classe."]}, {"id": "a1_231", "status": "candidate", "georeferenced": true, "issues": ["Sem evidência suficiente para identificar a classe."]}, {"id": "a1_232", "status": "candidate", "georeferenced": true, "issues": ["Sem evidência suficiente para identificar a classe."]}, {"id": "a1_233", "status": "candidate", "georeferenced": true, "issues": ["Sem evidência suficiente para identificar a classe."]}, {"id": "a1_234", "status": "candidate", "georeferenced": true, "issues": ["Sem evidência suficiente para identificar a classe."]}, {"id": "a1_235", "status": "candidate", "georeferenced": true, "issues": ["Sem evidência suficiente para identificar a classe."]}, {"id": "a1_236", "status": "candidate", "georeferenced": true, "issues": ["Sem evidência suficiente para identificar a classe."]}, {"id": "a1_237", "status": "candidate", "georeferenced": true, "issues": ["Sem evidência suficiente para identificar a classe."]}, {"id": "a1_238", "status": "candidate", "georeferenced": true, "issues": ["Sem evidência suficiente para identificar a classe."]}, {"id": "a1_239", "status": "candidate", "georeferenced": true, "issues": ["Sem evidência suficiente para identificar a classe."]}, {"id": "a1_240", "status": "candidate", "georeferenced": true, "issues": ["Sem evidência suficiente para identificar a classe."]}, {"id": "a1_241", "status": "candidate", "georeferenced": true, "issues": ["Sem evidência suficiente para identificar a classe."]}, {"id": "a1_242", "status": "candidate", "georeferenced": true, "issues": ["Sem evidência suficiente para identificar a classe."]}, {"id": "a1_243", "status": "candidate", "georeferenced": true, "issues": ["Sem evidência suficiente para identificar a classe."]}, {"id": "a1_244", "status": "candidate", "georeferenced": true, "issues": ["Sem evidência suficiente para identificar a classe."]}, {"id": "a1_245", "status": "candidate", "georeferenced": true, "issues": ["Sem evidência suficiente para identificar a classe."]}, {"id": "a1_246", "status": "candidate", "georeferenced": true, "issues": ["Sem evidência suficiente para identificar a classe."]}, {"id": "a1_247", "status": "candidate", "georeferenced": true, "issues": ["Sem evidência suficiente para identificar a classe."]}, {"id": "a1_248", "status": "candidate", "georeferenced": true, "issues": ["Sem evidência suficiente para identificar a classe."]}, {"id": "a1_249", "status": "candidate", "georeferenced": true, "issues": ["Sem evidência suficiente para identificar a classe."]}, {"id": "a1_250", "status": "candidate", "georeferenced": true, "issues": ["Sem evidência suficiente para identificar a classe."]}, {"id": "a1_251", "status": "candidate", "georeferenced": true, "issues": ["Sem evidência suficiente para identificar a classe."]}, {"id": "a1_252", "status": "candidate", "georeferenced": true, "issues": ["Sem evidência suficiente para identificar a classe."]}, {"id": "a1_253", "status": "candidate", "georeferenced": true, "issues": ["Sem evidência suficiente para identificar a classe."]}, {"id": "a1_254", "status": "candidate", "georeferenced": true, "issues": ["Sem evidência suficiente para identificar a classe."]}, {"id": "a1_255", "status": "candidate", "georeferenced": true, "issues": ["Sem evidência suficiente para identificar a classe."]}, {"id": "a1_256", "status": "candidate", "georeferenced": true, "issues": ["Sem evidência suficiente para identificar a classe."]}, {"id": "a1_257", "status": "candidate", "georeferenced": true, "issues": ["Sem evidência suficiente para identificar a classe."]}, {"id": "a1_258", "status": "candidate", "georeferenced": true, "issues": ["Sem evidência suficiente para identificar a classe."]}, {"id": "a1_259", "status": "candidate", "georeferenced": true, "issues": ["Sem evidência suficiente para identificar a classe."]}, {"id": "a1_260", "status": "candidate", "georeferenced": true, "issues": ["Sem evidência suficiente para identificar a classe."]}, {"id": "a1_261", "status": "candidate", "georeferenced": true, "issues": ["Sem evidência suficiente para identificar a classe."]}, {"id": "a1_262", "status": "candidate", "georeferenced": true, "issues": ["Sem evidência suficiente para identificar a classe."]}, {"id": "a1_263", "status": "candidate", "georeferenced": true, "issues": ["Sem evidência suficiente para identificar a classe."]}, {"id": "a1_264", "status": "candidate", "georeferenced": true, "issues": ["Sem evidência suficiente para identificar a classe."]}, {"id": "a1_265", "status": "candidate", "georeferenced": true, "issues": ["Sem evidência suficiente para identificar a classe."]}, {"id": "a1_266", "status": "candidate", "georeferenced": true, "issues": ["Sem evidência suficiente para identificar a classe."]}, {"id": "a1_267", "status": "candidate", "georeferenced": true, "issues": ["Sem evidência suficiente para identificar a classe."]}, {"id": "a1_268", "status": "candidate", "georeferenced": true, "issues": ["Sem evidência suficiente para identificar a classe."]}, {"id": "a1_269", "status": "candidate", "georeferenced": true, "issues": ["Sem evidência suficiente para identificar a classe."]}, {"id": "a1_270", "status": "candidate", "georeferenced": true, "issues": ["Sem evidência suficiente para identificar a classe."]}, {"id": "a1_271", "status": "candidate", "georeferenced": true, "issues": ["Sem evidência suficiente para identificar a classe."]}, {"id": "a1_272", "status": "candidate", "georeferenced": true, "issues": ["Sem evidência suficiente para identificar a classe."]}, {"id": "a1_273", "status": "candidate", "georeferenced": true, "issues": ["Sem evidência suficiente para identificar a classe."]}, {"id": "a1_274", "status": "candidate", "georeferenced": true, "issues": ["Sem evidência suficiente para identificar a classe."]}, {"id": "a1_275", "status": "candidate", "georeferenced": true, "issues": ["Sem evidência suficiente para identificar a classe."]}, {"id": "a1_276", "status": "candidate", "georeferenced": true, "issues": ["Sem evidência suficiente para identificar a classe."]}, {"id": "a1_277", "status": "candidate", "georeferenced": true, "issues": ["Sem evidência suficiente para identificar a classe."]}, {"id": "a1_278", "status": "candidate", "georeferenced": true, "issues": ["Sem evidência suficiente para identificar a classe."]}, {"id": "a1_279", "status": "candidate", "georeferenced": true, "issues": ["Sem evidência suficiente para identificar a classe."]}, {"id": "a1_280", "status": "candidate", "georeferenced": true, "issues": ["Sem evidência suficiente para identificar a classe."]}, {"id": "a1_281", "status": "candidate", "georeferenced": true, "issues": ["Sem evidência suficiente para identificar a classe."]}, {"id": "a1_282", "status": "candidate", "georeferenced": true, "issues": ["Sem evidência suficiente para identificar a classe."]}, {"id": "a1_283", "status": "candidate", "georeferenced": true, "issues": ["Sem evidência suficiente para identificar a classe."]}, {"id": "a1_284", "status": "candidate", "georeferenced": true, "issues": ["Sem evidência suficiente para identificar a classe."]}, {"id": "a1_285", "status": "candidate", "georeferenced": true, "issues": ["Sem evidência suficiente para identificar a classe."]}, {"id": "a1_286", "status": "candidate", "georeferenced": true, "issues": ["Sem evidência suficiente para identificar a classe."]}, {"id": "a1_287", "status": "candidate", "georeferenced": true, "issues": ["Sem evidência suficiente para identificar a classe."]}, {"id": "a1_288", "status": "candidate", "georeferenced": true, "issues": ["Sem evidência suficiente para identificar a classe."]}, {"id": "a1_289", "status": "candidate", "georeferenced": true, "issues": ["Sem evidência suficiente para identificar a classe."]}, {"id": "a1_290", "status": "candidate", "georeferenced": true, "issues": ["Sem evidência suficiente para identificar a classe."]}, {"id": "a1_291", "status": "candidate", "georeferenced": true, "issues": ["Sem evidência suficiente para identificar a classe."]}, {"id": "a1_292", "status": "candidate", "georeferenced": true, "issues": ["Sem evidência suficiente para identificar a classe."]}, {"id": "a1_293", "status": "candidate", "georeferenced": true, "issues": ["Sem evidência suficiente para identificar a classe."]}, {"id": "a1_294", "status": "candidate", "georeferenced": true, "issues": ["Sem evidência suficiente para identificar a classe."]}, {"id": "a1_295", "status": "candidate", "georeferenced": true, "issues": ["Sem evidência suficiente para identificar a classe."]}, {"id": "a1_296", "status": "candidate", "georeferenced": true, "issues": ["Sem evidência suficiente para identificar a classe."]}, {"id": "a1_297", "status": "candidate", "georeferenced": true, "issues": ["Sem evidência suficiente para identificar a classe."]}, {"id": "a1_298", "status": "candidate", "georeferenced": true, "issues": ["Sem evidência suficiente para identificar a classe."]}, {"id": "a1_299", "status": "candidate", "georeferenced": true, "issues": ["Sem evidência suficiente para identificar a classe."]}, {"id": "a1_300", "status": "candidate", "georeferenced": true, "issues": ["Sem evidência suficiente para identificar a classe."]}, {"id": "a1_301", "status": "candidate", "georeferenced": true, "issues": ["Sem evidência suficiente para identificar a classe."]}, {"id": "a1_302", "status": "candidate", "georeferenced": true, "issues": ["Sem evidência suficiente para identificar a classe."]}, {"id": "a1_303", "status": "candidate", "georeferenced": true, "issues": ["Sem evidência suficiente para identificar a classe."]}, {"id": "a1_304", "status": "candidate", "georeferenced": true, "issues": ["Sem evidência suficiente para identificar a classe."]}, {"id": "a1_305", "status": "candidate", "georeferenced": true, "issues": ["Sem evidência suficiente para identificar a classe."]}, {"id": "a1_306", "status": "candidate", "georeferenced": true, "issues": ["Sem evidência suficiente para identificar a classe."]}, {"id": "a1_307", "status": "candidate", "georeferenced": true, "issues": ["Sem evidência suficiente para identificar a classe."]}, {"id": "a1_308", "status": "candidate", "georeferenced": true, "issues": ["Sem evidência suficiente para identificar a classe."]}, {"id": "a1_309", "status": "candidate", "georeferenced": true, "issues": ["Sem evidência suficiente para identificar a classe."]}, {"id": "a1_310", "status": "candidate", "georeferenced": true, "issues": ["Sem evidência suficiente para identificar a classe."]}, {"id": "a1_311", "status": "candidate", "georeferenced": true, "issues": ["Sem evidência suficiente para identificar a classe."]}, {"id": "a1_312", "status": "candidate", "georeferenced": true, "issues": ["Sem evidência suficiente para identificar a classe."]}, {"id": "a1_313", "status": "candidate", "georeferenced": true, "issues": ["Sem evidência suficiente para identificar a classe."]}, {"id": "a1_314", "status": "candidate", "georeferenced": true, "issues": ["Sem evidência suficiente para identificar a classe."]}, {"id": "a1_315", "status": "candidate", "georeferenced": true, "issues": ["Sem evidência suficiente para identificar a classe."]}, {"id": "a1_316", "status": "candidate", "georeferenced": true, "issues": ["Sem evidência suficiente para identificar a classe."]}, {"id": "a1_317", "status": "candidate", "georeferenced": true, "issues": ["Sem evidência suficiente para identificar a classe."]}, {"id": "a1_318", "status": "candidate", "georeferenced": true, "issues": ["Sem evidência suficiente para identificar a classe."]}, {"id": "a1_319", "status": "candidate", "georeferenced": true, "issues": ["Sem evidência suficiente para identificar a classe."]}, {"id": "a1_320", "status": "candidate", "georeferenced": true, "issues": ["Sem evidência suficiente para identificar a classe."]}, {"id": "a1_321", "status": "candidate", "georeferenced": true, "issues": ["Sem evidência suficiente para identificar a classe."]}, {"id": "a1_322", "status": "candidate", "georeferenced": true, "issues": ["Sem evidência suficiente para identificar a classe."]}, {"id": "a1_323", "status": "candidate", "georeferenced": true, "issues": ["Sem evidência suficiente para identificar a classe."]}, {"id": "a1_324", "status": "candidate", "georeferenced": true, "issues": ["Sem evidência suficiente para identificar a classe."]}, {"id": "a1_325", "status": "candidate", "georeferenced": true, "issues": ["Sem evidência suficiente para identificar a classe."]}, {"id": "a1_326", "status": "candidate", "georeferenced": true, "issues": ["Sem evidência suficiente para identificar a classe."]}, {"id": "a1_328", "status": "candidate", "georeferenced": true, "issues": ["Sem evidência suficiente para identificar a classe."]}, {"id": "a1_329", "status": "candidate", "georeferenced": true, "issues": ["Sem evidência suficiente para identificar a classe."]}, {"id": "a1_330", "status": "candidate", "georeferenced": true, "issues": ["Sem evidência suficiente para identificar a classe."]}, {"id": "a1_331", "status": "candidate", "georeferenced": true, "issues": ["Sem evidência suficiente para identificar a classe."]}, {"id": "a1_332", "status": "candidate", "georeferenced": true, "issues": ["Sem evidência suficiente para identificar a classe."]}, {"id": "a1_333", "status": "candidate", "georeferenced": true, "issues": ["Sem evidência suficiente para identificar a classe."]}, {"id": "a1_334", "status": "candidate", "georeferenced": true, "issues": ["Sem evidência suficiente para identificar a classe."]}, {"id": "a1_335", "status": "candidate", "georeferenced": true, "issues": ["Sem evidência suficiente para identificar a classe."]}, {"id": "a1_336", "status": "candidate", "georeferenced": true, "issues": ["Sem evidência suficiente para identificar a classe."]}, {"id": "a1_337", "status": "candidate", "georeferenced": true, "issues": ["Sem evidência suficiente para identificar a classe."]}, {"id": "a1_338", "status": "candidate", "georeferenced": true, "issues": ["Sem evidência suficiente para identificar a classe."]}, {"id": "a1_339", "status": "candidate", "georeferenced": true, "issues": ["Sem evidência suficiente para identificar a classe."]}, {"id": "a1_340", "status": "candidate", "georeferenced": true, "issues": ["Sem evidência suficiente para identificar a classe."]}, {"id": "a1_341", "status": "candidate", "georeferenced": true, "issues": ["Sem evidência suficiente para identificar a classe."]}, {"id": "a1_342", "status": "candidate", "georeferenced": true, "issues": ["Sem evidência suficiente para identificar a classe."]}, {"id": "a1_343", "status": "candidate", "georeferenced": true, "issues": ["Sem evidência suficiente para identificar a classe."]}, {"id": "a1_344", "status": "candidate", "georeferenced": true, "issues": ["Sem evidência suficiente para identificar a classe."]}, {"id": "a1_345", "status": "candidate", "georeferenced": true, "issues": ["Sem evidência suficiente para identificar a classe."]}, {"id": "a1_346", "status": "candidate", "georeferenced": true, "issues": ["Sem evidência suficiente para identificar a classe."]}, {"id": "a1_347", "status": "candidate", "georeferenced": true, "issues": ["Sem evidência suficiente para identificar a classe."]}, {"id": "a1_348", "status": "candidate", "georeferenced": true, "issues": ["Sem evidência suficiente para identificar a classe."]}, {"id": "a1_349", "status": "candidate", "georeferenced": true, "issues": ["Sem evidência suficiente para identificar a classe."]}, {"id": "a1_350", "status": "candidate", "georeferenced": true, "issues": ["Sem evidência suficiente para identificar a classe."]}, {"id": "a1_351", "status": "candidate", "georeferenced": true, "issues": ["Sem evidência suficiente para identificar a classe."]}, {"id": "a1_352", "status": "candidate", "georeferenced": true, "issues": ["Sem evidência suficiente para identificar a classe."]}, {"id": "a1_353", "status": "candidate", "georeferenced": true, "issues": ["Sem evidência suficiente para identificar a classe."]}, {"id": "a1_354", "status": "candidate", "georeferenced": true, "issues": ["Sem evidência suficiente para identificar a classe."]}, {"id": "a1_355", "status": "candidate", "georeferenced": true, "issues": ["Sem evidência suficiente para identificar a classe."]}, {"id": "a1_356", "status": "candidate", "georeferenced": true, "issues": ["Sem evidência suficiente para identificar a classe."]}, {"id": "a1_357", "status": "candidate", "georeferenced": true, "issues": ["Sem evidência suficiente para identificar a classe."]}, {"id": "a1_358", "status": "candidate", "georeferenced": true, "issues": ["Sem evidência suficiente para identificar a classe."]}, {"id": "a1_359", "status": "candidate", "georeferenced": true, "issues": ["Sem evidência suficiente para identificar a classe."]}, {"id": "a1_360", "status": "candidate", "georeferenced": true, "issues": ["Sem evidência suficiente para identificar a classe."]}, {"id": "a1_361", "status": "candidate", "georeferenced": true, "issues": ["Sem evidência suficiente para identificar a classe."]}, {"id": "a1_362", "status": "candidate", "georeferenced": true, "issues": ["Sem evidência suficiente para identificar a classe."]}, {"id": "a1_363", "status": "candidate", "georeferenced": true, "issues": ["Sem evidência suficiente para identificar a classe."]}, {"id": "a1_364", "status": "candidate", "georeferenced": true, "issues": ["Sem evidência suficiente para identificar a classe."]}, {"id": "a1_365", "status": "candidate", "georeferenced": true, "issues": ["Sem evidência suficiente para identificar a classe."]}, {"id": "a1_366", "status": "candidate", "georeferenced": true, "issues": ["Sem evidência suficiente para identificar a classe."]}, {"id": "a1_367", "status": "candidate", "georeferenced": true, "issues": ["Sem evidência suficiente para identificar a classe."]}, {"id": "a1_368", "status": "candidate", "georeferenced": true, "issues": ["Sem evidência suficiente para identificar a classe."]}, {"id": "a1_369", "status": "candidate", "georeferenced": true, "issues": ["Sem evidência suficiente para identificar a classe."]}, {"id": "a1_370", "status": "candidate", "georeferenced": true, "issues": ["Sem evidência suficiente para identificar a classe."]}, {"id": "a1_371", "status": "candidate", "georeferenced": true, "issues": ["Sem evidência suficiente para identificar a classe."]}, {"id": "a1_372", "status": "candidate", "georeferenced": true, "issues": ["Sem evidência suficiente para identificar a classe."]}, {"id": "a1_373", "status": "candidate", "georeferenced": true, "issues": ["Sem evidência suficiente para identificar a classe."]}, {"id": "a1_374", "status": "candidate", "georeferenced": true, "issues": ["Sem evidência suficiente para identificar a classe."]}, {"id": "a1_375", "status": "candidate", "georeferenced": true, "issues": ["Sem evidência suficiente para identificar a classe."]}, {"id": "a1_376", "status": "candidate", "georeferenced": true, "issues": ["Sem evidência suficiente para identificar a classe."]}, {"id": "a1_377", "status": "candidate", "georeferenced": true, "issues": ["Sem evidência suficiente para identificar a classe."]}, {"id": "a1_378", "status": "candidate", "georeferenced": true, "issues": ["Sem evidência suficiente para identificar a classe."]}, {"id": "a1_379", "status": "candidate", "georeferenced": true, "issues": ["Sem evidência suficiente para identificar a classe."]}, {"id": "a1_380", "status": "candidate", "georeferenced": true, "issues": ["Sem evidência suficiente para identificar a classe."]}, {"id": "a1_381", "status": "candidate", "georeferenced": true, "issues": ["Sem evidência suficiente para identificar a classe."]}, {"id": "a1_382", "status": "candidate", "georeferenced": true, "issues": ["Sem evidência suficiente para identificar a classe."]}, {"id": "a1_383", "status": "candidate", "georeferenced": true, "issues": ["Sem evidência suficiente para identificar a classe."]}, {"id": "a1_384", "status": "candidate", "georeferenced": true, "issues": ["Sem evidência suficiente para identificar a classe."]}, {"id": "a1_385", "status": "candidate", "georeferenced": true, "issues": ["Sem evidência suficiente para identificar a classe."]}, {"id": "a1_386", "status": "candidate", "georeferenced": true, "issues": ["Sem evidência suficiente para identificar a classe."]}, {"id": "a1_387", "status": "candidate", "georeferenced": true, "issues": ["Sem evidência suficiente para identificar a classe."]}, {"id": "a1_388", "status": "candidate", "georeferenced": true, "issues": ["Sem evidência suficiente para identificar a classe."]}, {"id": "a1_389", "status": "candidate", "georeferenced": true, "issues": ["Sem evidência suficiente para identificar a classe."]}, {"id": "a1_390", "status": "candidate", "georeferenced": true, "issues": ["Sem evidência suficiente para identificar a classe."]}, {"id": "a1_391", "status": "candidate", "georeferenced": true, "issues": ["Sem evidência suficiente para identificar a classe."]}, {"id": "a1_392", "status": "candidate", "georeferenced": true, "issues": ["Sem evidência suficiente para identificar a classe."]}, {"id": "a1_393", "status": "candidate", "georeferenced": true, "issues": ["Sem evidência suficiente para identificar a classe."]}, {"id": "a1_394", "status": "candidate", "georeferenced": true, "issues": ["Sem evidência suficiente para identificar a classe."]}, {"id": "a1_395", "status": "candidate", "georeferenced": true, "issues": ["Sem evidência suficiente para identificar a classe."]}, {"id": "a1_396", "status": "candidate", "georeferenced": true, "issues": ["Sem evidência suficiente para identificar a classe."]}, {"id": "a1_397", "status": "candidate", "georeferenced": true, "issues": ["Sem evidência suficiente para identificar a classe."]}, {"id": "a1_398", "status": "candidate", "georeferenced": true, "issues": ["Sem evidência suficiente para identificar a classe."]}, {"id": "a1_399", "status": "candidate", "georeferenced": true, "issues": ["Sem evidência suficiente para identificar a classe."]}, {"id": "a1_400", "status": "candidate", "georeferenced": true, "issues": ["Sem evidência suficiente para identificar a classe."]}, {"id": "a1_401", "status": "candidate", "georeferenced": true, "issues": ["Sem evidência suficiente para identificar a classe."]}, {"id": "a1_402", "status": "candidate", "georeferenced": true, "issues": ["Sem evidência suficiente para identificar a classe."]}, {"id": "a1_403", "status": "candidate", "georeferenced": true, "issues": ["Sem evidência suficiente para identificar a classe."]}, {"id": "a1_404", "status": "candidate", "georeferenced": true, "issues": ["Sem evidência suficiente para identificar a classe."]}, {"id": "a1_405", "status": "candidate", "georeferenced": true, "issues": ["Sem evidência suficiente para identificar a classe."]}, {"id": "a1_406", "status": "candidate", "georeferenced": true, "issues": ["Sem evidência suficiente para identificar a classe."]}, {"id": "a1_407", "status": "candidate", "georeferenced": true, "issues": ["Sem evidência suficiente para identificar a classe."]}, {"id": "a1_408", "status": "candidate", "georeferenced": true, "issues": ["Sem evidência suficiente para identificar a classe."]}, {"id": "a1_409", "status": "candidate", "georeferenced": true, "issues": ["Sem evidência suficiente para identificar a classe."]}, {"id": "a1_410", "status": "candidate", "georeferenced": true, "issues": ["Sem evidência suficiente para identificar a classe."]}, {"id": "a1_411", "status": "candidate", "georeferenced": true, "issues": ["Sem evidência suficiente para identificar a classe."]}, {"id": "a1_412", "status": "candidate", "georeferenced": true, "issues": ["Sem evidência suficiente para identificar a classe."]}, {"id": "a1_413", "status": "candidate", "georeferenced": true, "issues": ["Sem evidência suficiente para identificar a classe."]}, {"id": "a1_414", "status": "candidate", "georeferenced": true, "issues": ["Sem evidência suficiente para identificar a classe."]}, {"id": "a1_415", "status": "candidate", "georeferenced": true, "issues": ["Sem evidência suficiente para identificar a classe."]}, {"id": "a1_416", "status": "candidate", "georeferenced": true, "issues": ["Sem evidência suficiente para identificar a classe."]}, {"id": "a1_417", "status": "candidate", "georeferenced": true, "issues": ["Sem evidência suficiente para identificar a classe."]}, {"id": "a1_418", "status": "candidate", "georeferenced": true, "issues": ["Sem evidência suficiente para identificar a classe."]}, {"id": "a1_419", "status": "candidate", "georeferenced": true, "issues": ["Sem evidência suficiente para identificar a classe."]}, {"id": "a1_420", "status": "candidate", "georeferenced": true, "issues": ["Sem evidência suficiente para identificar a classe."]}, {"id": "a1_421", "status": "candidate", "georeferenced": true, "issues": ["Sem evidência suficiente para identificar a classe."]}, {"id": "a1_422", "status": "candidate", "georeferenced": true, "issues": ["Sem evidência suficiente para identificar a classe."]}, {"id": "a1_423", "status": "candidate", "georeferenced": true, "issues": ["Sem evidência suficiente para identificar a classe."]}, {"id": "a1_424", "status": "candidate", "georeferenced": true, "issues": ["Sem evidência suficiente para identificar a classe."]}, {"id": "a1_425", "status": "candidate", "georeferenced": true, "issues": ["Sem evidência suficiente para identificar a classe."]}, {"id": "a1_426", "status": "candidate", "georeferenced": true, "issues": ["Sem evidência suficiente para identificar a classe."]}, {"id": "a1_427", "status": "candidate", "georeferenced": true, "issues": ["Sem evidência suficiente para identificar a classe."]}, {"id": "a1_428", "status": "candidate", "georeferenced": true, "issues": ["Sem evidência suficiente para identificar a classe."]}, {"id": "a1_429", "status": "candidate", "georeferenced": true, "issues": ["Sem evidência suficiente para identificar a classe."]}, {"id": "a1_430", "status": "candidate", "georeferenced": true, "issues": ["Sem evidência suficiente para identificar a classe."]}, {"id": "a1_431", "status": "candidate", "georeferenced": true, "issues": ["Sem evidência suficiente para identificar a classe."]}, {"id": "a1_432", "status": "candidate", "georeferenced": true, "issues": ["Sem evidência suficiente para identificar a classe."]}, {"id": "a1_433", "status": "candidate", "georeferenced": true, "issues": ["Sem evidência suficiente para identificar a classe."]}, {"id": "a1_434", "status": "candidate", "georeferenced": true, "issues": ["Sem evidência suficiente para identificar a classe."]}, {"id": "a1_435", "status": "candidate", "georeferenced": true, "issues": ["Sem evidência suficiente para identificar a classe."]}, {"id": "a1_436", "status": "candidate", "georeferenced": true, "issues": ["Sem evidência suficiente para identificar a classe."]}, {"id": "a1_437", "status": "candidate", "georeferenced": true, "issues": ["Sem evidência suficiente para identificar a classe."]}, {"id": "a1_438", "status": "candidate", "georeferenced": true, "issues": ["Sem evidência suficiente para identificar a classe."]}, {"id": "a1_439", "status": "candidate", "georeferenced": true, "issues": ["Sem evidência suficiente para identificar a classe."]}, {"id": "a1_440", "status": "candidate", "georeferenced": true, "issues": ["Sem evidência suficiente para identificar a classe."]}, {"id": "a1_441", "status": "candidate", "georeferenced": true, "issues": ["Sem evidência suficiente para identificar a classe."]}, {"id": "a1_442", "status": "candidate", "georeferenced": true, "issues": ["Sem evidência suficiente para identificar a classe."]}, {"id": "a1_443", "status": "candidate", "georeferenced": true, "issues": ["Sem evidência suficiente para identificar a classe."]}, {"id": "a1_444", "status": "candidate", "georeferenced": true, "issues": ["Sem evidência suficiente para identificar a classe."]}, {"id": "a1_445", "status": "candidate", "georeferenced": true, "issues": ["Sem evidência suficiente para identificar a classe."]}, {"id": "a1_446", "status": "candidate", "georeferenced": true, "issues": ["Sem evidência suficiente para identificar a classe."]}, {"id": "a1_447", "status": "candidate", "georeferenced": true, "issues": ["Sem evidência suficiente para identificar a classe."]}, {"id": "a1_448", "status": "candidate", "georeferenced": true, "issues": ["Sem evidência suficiente para identificar a classe."]}, {"id": "a1_449", "status": "candidate", "georeferenced": true, "issues": ["Sem evidência suficiente para identificar a classe."]}, {"id": "a1_450", "status": "candidate", "georeferenced": true, "issues": ["Sem evidência suficiente para identificar a classe."]}, {"id": "a1_451", "status": "candidate", "georeferenced": true, "issues": ["Sem evidência suficiente para identificar a classe."]}, {"id": "a1_452", "status": "candidate", "georeferenced": true, "issues": ["Sem evidência suficiente para identificar a classe."]}, {"id": "a1_453", "status": "candidate", "georeferenced": true, "issues": ["Sem evidência suficiente para identificar a classe."]}, {"id": "a1_454", "status": "candidate", "georeferenced": true, "issues": ["Sem evidência suficiente para identificar a classe."]}, {"id": "a1_455", "status": "candidate", "georeferenced": true, "issues": ["Sem evidência suficiente para identificar a classe."]}, {"id": "a1_456", "status": "candidate", "georeferenced": true, "issues": ["Sem evidência suficiente para identificar a classe."]}, {"id": "a1_457", "status": "candidate", "georeferenced": true, "issues": ["Sem evidência suficiente para identificar a classe."]}, {"id": "a1_458", "status": "candidate", "georeferenced": true, "issues": ["Sem evidência suficiente para identificar a classe."]}, {"id": "a1_459", "status": "candidate", "georeferenced": true, "issues": ["Sem evidência suficiente para identificar a classe."]}, {"id": "a1_460", "status": "candidate", "georeferenced": true, "issues": ["Sem evidência suficiente para identificar a classe."]}, {"id": "a1_461", "status": "candidate", "georeferenced": true, "issues": ["Sem evidência suficiente para identificar a classe."]}, {"id": "a1_462", "status": "candidate", "georeferenced": true, "issues": ["Sem evidência suficiente para identificar a classe."]}, {"id": "a1_463", "status": "candidate", "georeferenced": true, "issues": ["Sem evidência suficiente para identificar a classe."]}, {"id": "a1_464", "status": "candidate", "georeferenced": true, "issues": ["Sem evidência suficiente para identificar a classe."]}, {"id": "a1_465", "status": "candidate", "georeferenced": true, "issues": ["Sem evidência suficiente para identificar a classe."]}, {"id": "a1_466", "status": "candidate", "georeferenced": true, "issues": ["Sem evidência suficiente para identificar a classe."]}, {"id": "a1_467", "status": "candidate", "georeferenced": true, "issues": ["Sem evidência suficiente para identificar a classe."]}, {"id": "a1_468", "status": "candidate", "georeferenced": true, "issues": ["Sem evidência suficiente para identificar a classe."]}, {"id": "a1_469", "status": "candidate", "georeferenced": true, "issues": ["Sem evidência suficiente para identificar a classe."]}, {"id": "a1_470", "status": "candidate", "georeferenced": true, "issues": ["Sem evidência suficiente para identificar a classe."]}, {"id": "a1_471", "status": "candidate", "georeferenced": true, "issues": ["Sem evidência suficiente para identificar a classe."]}, {"id": "a1_472", "status": "candidate", "georeferenced": true, "issues": ["Sem evidência suficiente para identificar a classe."]}, {"id": "a1_473", "status": "candidate", "georeferenced": true, "issues": ["Sem evidência suficiente para identificar a classe."]}, {"id": "a1_474", "status": "candidate", "georeferenced": true, "issues": ["Sem evidência suficiente para identificar a classe."]}, {"id": "a1_475", "status": "candidate", "georeferenced": true, "issues": ["Sem evidência suficiente para identificar a classe."]}, {"id": "a1_476", "status": "candidate", "georeferenced": true, "issues": ["Sem evidência suficiente para identificar a classe."]}, {"id": "a1_477", "status": "candidate", "georeferenced": true, "issues": ["Sem evidência suficiente para identificar a classe."]}, {"id": "a1_478", "status": "candidate", "georeferenced": true, "issues": ["Sem evidência suficiente para identificar a classe."]}, {"id": "a1_479", "status": "candidate", "georeferenced": true, "issues": ["Sem evidência suficiente para identificar a classe."]}, {"id": "a1_480", "status": "candidate", "georeferenced": true, "issues": ["Sem evidência suficiente para identificar a classe."]}, {"id": "a1_481", "status": "candidate", "georeferenced": true, "issues": ["Sem evidência suficiente para identificar a classe."]}, {"id": "a1_482", "status": "candidate", "georeferenced": true, "issues": ["Sem evidência suficiente para identificar a classe."]}, {"id": "a1_483", "status": "candidate", "georeferenced": true, "issues": ["Sem evidência suficiente para identificar a classe."]}, {"id": "a1_484", "status": "candidate", "georeferenced": true, "issues": ["Sem evidência suficiente para identificar a classe."]}, {"id": "a1_485", "status": "candidate", "georeferenced": true, "issues": ["Sem evidência suficiente para identificar a classe."]}, {"id": "a1_486", "status": "candidate", "georeferenced": true, "issues": ["Sem evidência suficiente para identificar a classe."]}, {"id": "a1_487", "status": "candidate", "georeferenced": true, "issues": ["Sem evidência suficiente para identificar a classe."]}, {"id": "a1_488", "status": "candidate", "georeferenced": true, "issues": ["Sem evidência suficiente para identificar a classe."]}, {"id": "a1_489", "status": "candidate", "georeferenced": true, "issues": ["Sem evidência suficiente para identificar a classe."]}, {"id": "a1_490", "status": "candidate", "georeferenced": true, "issues": ["Sem evidência suficiente para identificar a classe."]}, {"id": "a1_491", "status": "candidate", "georeferenced": true, "issues": ["Sem evidência suficiente para identificar a classe."]}, {"id": "a1_492", "status": "candidate", "georeferenced": true, "issues": ["Sem evidência suficiente para identificar a classe."]}, {"id": "a1_493", "status": "candidate", "georeferenced": true, "issues": ["Sem evidência suficiente para identificar a classe."]}, {"id": "a1_494", "status": "candidate", "georeferenced": true, "issues": ["Sem evidência suficiente para identificar a classe."]}, {"id": "a1_495", "status": "candidate", "georeferenced": true, "issues": ["Sem evidência suficiente para identificar a classe."]}, {"id": "a1_496", "status": "candidate", "georeferenced": true, "issues": ["Sem evidência suficiente para identificar a classe."]}, {"id": "a1_497", "status": "candidate", "georeferenced": true, "issues": ["Sem evidência suficiente para identificar a classe."]}, {"id": "a1_498", "status": "candidate", "georeferenced": true, "issues": ["Sem evidência suficiente para identificar a classe."]}, {"id": "a1_499", "status": "candidate", "georeferenced": true, "issues": ["Sem evidência suficiente para identificar a classe."]}, {"id": "a1_500", "status": "candidate", "georeferenced": true, "issues": ["Sem evidência suficiente para identificar a classe."]}, {"id": "a1_501", "status": "candidate", "georeferenced": true, "issues": ["Sem evidência suficiente para identificar a classe."]}, {"id": "a1_502", "status": "candidate", "georeferenced": true, "issues": ["Sem evidência suficiente para identificar a classe."]}, {"id": "a1_503", "status": "candidate", "georeferenced": true, "issues": ["Sem evidência suficiente para identificar a classe."]}, {"id": "a1_504", "status": "candidate", "georeferenced": true, "issues": ["Sem evidência suficiente para identificar a classe."]}, {"id": "a1_505", "status": "candidate", "georeferenced": true, "issues": ["Sem evidência suficiente para identificar a classe."]}, {"id": "a1_506", "status": "candidate", "georeferenced": true, "issues": ["Sem evidência suficiente para identificar a classe."]}, {"id": "a1_507", "status": "candidate", "georeferenced": true, "issues": ["Sem evidência suficiente para identificar a classe."]}, {"id": "a1_508", "status": "candidate", "georeferenced": true, "issues": ["Sem evidência suficiente para identificar a classe."]}, {"id": "a1_509", "status": "candidate", "georeferenced": true, "issues": ["Sem evidência suficiente para identificar a classe."]}, {"id": "a1_510", "status": "candidate", "georeferenced": true, "issues": ["Sem evidência suficiente para identificar a classe."]}, {"id": "a1_511", "status": "candidate", "georeferenced": true, "issues": ["Sem evidência suficiente para identificar a classe."]}, {"id": "a1_512", "status": "candidate", "georeferenced": true, "issues": ["Sem evidência suficiente para identificar a classe."]}, {"id": "a1_513", "status": "candidate", "georeferenced": true, "issues": ["Sem evidência suficiente para identificar a classe."]}, {"id": "a1_514", "status": "candidate", "georeferenced": true, "issues": ["Sem evidência suficiente para identificar a classe."]}, {"id": "a1_515", "status": "candidate", "georeferenced": true, "issues": ["Sem evidência suficiente para identificar a classe."]}, {"id": "a1_516", "status": "candidate", "georeferenced": true, "issues": ["Sem evidência suficiente para identificar a classe."]}, {"id": "a1_1023", "status": "candidate", "georeferenced": true, "issues": []}, {"id": "a1_1024", "status": "candidate", "georeferenced": true, "issues": ["Texto contido em mais de uma feição; vínculo ambíguo."]}, {"id": "a1_1025", "status": "candidate", "georeferenced": true, "issues": ["Texto contido em mais de uma feição; vínculo ambíguo."]}, {"id": "a1_1026", "status": "candidate", "georeferenced": true, "issues": ["Texto contido em mais de uma feição; vínculo ambíguo."]}, {"id": "a1_1027", "status": "candidate", "georeferenced": true, "issues": ["Texto contido em mais de uma feição; vínculo ambíguo."]}, {"id": "a1_1028", "status": "candidate", "georeferenced": true, "issues": ["Texto contido em mais de uma feição; vínculo ambíguo."]}, {"id": "a1_1029", "status": "candidate", "georeferenced": true, "issues": ["Texto contido em mais de uma feição; vínculo ambíguo."]}, {"id": "a1_1030", "status": "candidate", "georeferenced": true, "issues": ["Texto contido em mais de uma feição; vínculo ambíguo."]}, {"id": "a1_1031", "status": "candidate", "georeferenced": true, "issues": ["Texto contido em mais de uma feição; vínculo ambíguo."]}, {"id": "a1_1032", "status": "candidate", "georeferenced": true, "issues": ["Texto contido em mais de uma feição; vínculo ambíguo."]}, {"id": "a1_1033", "status": "candidate", "georeferenced": true, "issues": ["Texto contido em mais de uma feição; vínculo ambíguo."]}, {"id": "a1_1034", "status": "candidate", "georeferenced": true, "issues": ["Texto contido em mais de uma feição; vínculo ambíguo."]}, {"id": "a1_1035", "status": "candidate", "georeferenced": true, "issues": ["Texto contido em mais de uma feição; vínculo ambíguo."]}, {"id": "a1_1036", "status": "candidate", "georeferenced": true, "issues": ["Texto contido em mais de uma feição; vínculo ambíguo."]}, {"id": "a1_1037", "status": "candidate", "georeferenced": true, "issues": ["Texto contido em mais de uma feição; vínculo ambíguo."]}, {"id": "a1_1038", "status": "candidate", "georeferenced": true, "issues": ["Texto contido em mais de uma feição; vínculo ambíguo."]}, {"id": "a1_1039", "status": "candidate", "georeferenced": true, "issues": ["Texto contido em mais de uma feição; vínculo ambíguo."]}, {"id": "a1_1040", "status": "candidate", "georeferenced": true, "issues": ["Texto contido em mais de uma feição; vínculo ambíguo."]}, {"id": "a1_1041", "status": "candidate", "georeferenced": true, "issues": ["Texto contido em mais de uma feição; vínculo ambíguo."]}, {"id": "a1_1042", "status": "candidate", "georeferenced": true, "issues": ["Texto contido em mais de uma feição; vínculo ambíguo."]}, {"id": "a1_1043", "status": "candidate", "georeferenced": true, "issues": ["Texto contido em mais de uma feição; vínculo ambíguo."]}, {"id": "a1_1044", "status": "candidate", "georeferenced": true, "issues": ["Texto contido em mais de uma feição; vínculo ambíguo."]}, {"id": "a1_1045", "status": "candidate", "georeferenced": true, "issues": ["Texto contido em mais de uma feição; vínculo ambíguo."]}, {"id": "a1_1046", "status": "candidate", "georeferenced": true, "issues": ["Texto contido em mais de uma feição; vínculo ambíguo."]}, {"id": "a1_1047", "status": "candidate", "georeferenced": true, "issues": ["Texto contido em mais de uma feição; vínculo ambíguo."]}, {"id": "a1_1048", "status": "candidate", "georeferenced": true, "issues": ["Texto contido em mais de uma feição; vínculo ambíguo."]}, {"id": "a1_1049", "status": "candidate", "georeferenced": true, "issues": ["Texto contido em mais de uma feição; vínculo ambíguo."]}, {"id": "a1_1050", "status": "candidate", "georeferenced": true, "issues": ["Texto contido em mais de uma feição; vínculo ambíguo."]}, {"id": "a1_1051", "status": "candidate", "georeferenced": true, "issues": ["Texto contido em mais de uma feição; vínculo ambíguo."]}, {"id": "a1_1052", "status": "candidate", "georeferenced": true, "issues": ["Texto contido em mais de uma feição; vínculo ambíguo."]}, {"id": "a1_1053", "status": "candidate", "georeferenced": true, "issues": ["Texto contido em mais de uma feição; vínculo ambíguo."]}, {"id": "a1_1054", "status": "candidate", "georeferenced": true, "issues": ["Texto contido em mais de uma feição; vínculo ambíguo."]}, {"id": "a1_1055", "status": "candidate", "georeferenced": true, "issues": ["Texto contido em mais de uma feição; vínculo ambíguo."]}, {"id": "a1_1056", "status": "candidate", "georeferenced": true, "issues": ["Texto contido em mais de uma feição; vínculo ambíguo."]}, {"id": "a1_1057", "status": "candidate", "georeferenced": true, "issues": ["Texto contido em mais de uma feição; vínculo ambíguo."]}, {"id": "a1_1058", "status": "candidate", "georeferenced": true, "issues": ["Texto contido em mais de uma feição; vínculo ambíguo."]}, {"id": "a1_1059", "status": "candidate", "georeferenced": true, "issues": ["Texto contido em mais de uma feição; vínculo ambíguo."]}, {"id": "a1_1060", "status": "candidate", "georeferenced": true, "issues": ["Texto contido em mais de uma feição; vínculo ambíguo."]}, {"id": "a1_1061", "status": "candidate", "georeferenced": true, "issues": ["Texto contido em mais de uma feição; vínculo ambíguo."]}, {"id": "a1_1062", "status": "candidate", "georeferenced": true, "issues": ["Texto contido em mais de uma feição; vínculo ambíguo."]}, {"id": "a1_1063", "status": "candidate", "georeferenced": true, "issues": ["Texto contido em mais de uma feição; vínculo ambíguo."]}, {"id": "a1_1064", "status": "candidate", "georeferenced": true, "issues": ["Texto contido em mais de uma feição; vínculo ambíguo."]}, {"id": "a1_1065", "status": "candidate", "georeferenced": true, "issues": ["Texto contido em mais de uma feição; vínculo ambíguo."]}, {"id": "a1_1066", "status": "candidate", "georeferenced": true, "issues": ["Texto contido em mais de uma feição; vínculo ambíguo."]}, {"id": "a1_1067", "status": "candidate", "georeferenced": true, "issues": ["Texto contido em mais de uma feição; vínculo ambíguo."]}, {"id": "a1_1068", "status": "candidate", "georeferenced": true, "issues": ["Texto contido em mais de uma feição; vínculo ambíguo."]}, {"id": "a1_1069", "status": "candidate", "georeferenced": true, "issues": ["Texto contido em mais de uma feição; vínculo ambíguo."]}, {"id": "a1_1070", "status": "candidate", "georeferenced": true, "issues": ["Texto contido em mais de uma feição; vínculo ambíguo."]}, {"id": "a1_1071", "status": "candidate", "georeferenced": true, "issues": ["Texto contido em mais de uma feição; vínculo ambíguo."]}, {"id": "a1_1072", "status": "candidate", "georeferenced": true, "issues": ["Texto contido em mais de uma feição; vínculo ambíguo."]}, {"id": "a1_1073", "status": "candidate", "georeferenced": true, "issues": ["Texto contido em mais de uma feição; vínculo ambíguo."]}, {"id": "a1_1074", "status": "candidate", "georeferenced": true, "issues": ["Texto contido em mais de uma feição; vínculo ambíguo."]}, {"id": "a1_1075", "status": "candidate", "georeferenced": true, "issues": ["Texto contido em mais de uma feição; vínculo ambíguo."]}, {"id": "a1_1076", "status": "candidate", "georeferenced": true, "issues": ["Texto contido em mais de uma feição; vínculo ambíguo."]}, {"id": "a1_1077", "status": "candidate", "georeferenced": true, "issues": ["Texto contido em mais de uma feição; vínculo ambíguo."]}, {"id": "a1_1078", "status": "candidate", "georeferenced": true, "issues": ["Texto contido em mais de uma feição; vínculo ambíguo."]}, {"id": "a1_1079", "status": "candidate", "georeferenced": true, "issues": ["Texto contido em mais de uma feição; vínculo ambíguo."]}, {"id": "a1_1080", "status": "candidate", "georeferenced": true, "issues": ["Texto contido em mais de uma feição; vínculo ambíguo."]}, {"id": "a1_1081", "status": "candidate", "georeferenced": true, "issues": ["Texto contido em mais de uma feição; vínculo ambíguo."]}, {"id": "a1_1082", "status": "candidate", "georeferenced": true, "issues": ["Texto contido em mais de uma feição; vínculo ambíguo."]}, {"id": "a1_1083", "status": "candidate", "georeferenced": true, "issues": []}, {"id": "a1_1084", "status": "candidate", "georeferenced": true, "issues": ["Texto contido em mais de uma feição; vínculo ambíguo."]}, {"id": "a1_1085", "status": "candidate", "georeferenced": true, "issues": ["Texto contido em mais de uma feição; vínculo ambíguo."]}, {"id": "a1_1086", "status": "candidate", "georeferenced": true, "issues": ["Texto contido em mais de uma feição; vínculo ambíguo."]}, {"id": "a1_1087", "status": "candidate", "georeferenced": true, "issues": ["Texto contido em mais de uma feição; vínculo ambíguo."]}, {"id": "a1_1088", "status": "candidate", "georeferenced": true, "issues": ["Texto contido em mais de uma feição; vínculo ambíguo."]}, {"id": "a1_1089", "status": "candidate", "georeferenced": true, "issues": ["Texto contido em mais de uma feição; vínculo ambíguo."]}, {"id": "a1_1090", "status": "candidate", "georeferenced": true, "issues": ["Texto contido em mais de uma feição; vínculo ambíguo."]}, {"id": "a1_1091", "status": "candidate", "georeferenced": true, "issues": []}, {"id": "a1_1092", "status": "candidate", "georeferenced": true, "issues": ["Texto contido em mais de uma feição; vínculo ambíguo."]}, {"id": "a1_1093", "status": "candidate", "georeferenced": true, "issues": ["Texto contido em mais de uma feição; vínculo ambíguo."]}, {"id": "a1_1094", "status": "candidate", "georeferenced": true, "issues": ["Texto contido em mais de uma feição; vínculo ambíguo."]}, {"id": "a1_1095", "status": "candidate", "georeferenced": true, "issues": ["Texto contido em mais de uma feição; vínculo ambíguo."]}, {"id": "a1_1096", "status": "candidate", "georeferenced": true, "issues": ["Texto contido em mais de uma feição; vínculo ambíguo."]}, {"id": "a1_1097", "status": "candidate", "georeferenced": true, "issues": ["Texto contido em mais de uma feição; vínculo ambíguo."]}, {"id": "a1_1098", "status": "candidate", "georeferenced": true, "issues": ["Texto contido em mais de uma feição; vínculo ambíguo."]}, {"id": "a1_1099", "status": "candidate", "georeferenced": true, "issues": ["Texto contido em mais de uma feição; vínculo ambíguo."]}, {"id": "a1_1100", "status": "candidate", "georeferenced": true, "issues": ["Texto contido em mais de uma feição; vínculo ambíguo."]}, {"id": "a1_1101", "status": "candidate", "georeferenced": true, "issues": ["Texto contido em mais de uma feição; vínculo ambíguo."]}, {"id": "a1_1102", "status": "candidate", "georeferenced": true, "issues": ["Texto contido em mais de uma feição; vínculo ambíguo."]}, {"id": "a1_1103", "status": "candidate", "georeferenced": true, "issues": ["Texto contido em mais de uma feição; vínculo ambíguo."]}, {"id": "a1_1104", "status": "candidate", "georeferenced": true, "issues": ["Texto contido em mais de uma feição; vínculo ambíguo."]}, {"id": "a1_1105", "status": "candidate", "georeferenced": true, "issues": ["Texto contido em mais de uma feição; vínculo ambíguo."]}, {"id": "a1_1106", "status": "candidate", "georeferenced": true, "issues": ["Texto contido em mais de uma feição; vínculo ambíguo."]}, {"id": "a1_1107", "status": "candidate", "georeferenced": true, "issues": ["Texto contido em mais de uma feição; vínculo ambíguo."]}, {"id": "a1_1108", "status": "candidate", "georeferenced": true, "issues": ["Texto contido em mais de uma feição; vínculo ambíguo."]}, {"id": "a1_1109", "status": "candidate", "georeferenced": true, "issues": ["Texto contido em mais de uma feição; vínculo ambíguo."]}, {"id": "a1_1110", "status": "candidate", "georeferenced": true, "issues": ["Texto contido em mais de uma feição; vínculo ambíguo."]}, {"id": "a1_1111", "status": "candidate", "georeferenced": true, "issues": ["Texto contido em mais de uma feição; vínculo ambíguo."]}, {"id": "a1_1112", "status": "candidate", "georeferenced": true, "issues": ["Texto contido em mais de uma feição; vínculo ambíguo."]}, {"id": "a1_1113", "status": "candidate", "georeferenced": true, "issues": ["Texto contido em mais de uma feição; vínculo ambíguo."]}, {"id": "a1_1114", "status": "candidate", "georeferenced": true, "issues": ["Texto contido em mais de uma feição; vínculo ambíguo."]}, {"id": "a1_1115", "status": "candidate", "georeferenced": true, "issues": ["Texto contido em mais de uma feição; vínculo ambíguo."]}, {"id": "a1_1116", "status": "candidate", "georeferenced": true, "issues": ["Texto contido em mais de uma feição; vínculo ambíguo."]}, {"id": "a1_1117", "status": "candidate", "georeferenced": true, "issues": ["Texto contido em mais de uma feição; vínculo ambíguo."]}, {"id": "a1_1118", "status": "candidate", "georeferenced": true, "issues": ["Texto contido em mais de uma feição; vínculo ambíguo."]}, {"id": "a1_1119", "status": "candidate", "georeferenced": true, "issues": ["Texto contido em mais de uma feição; vínculo ambíguo."]}, {"id": "a1_1120", "status": "candidate", "georeferenced": true, "issues": ["Texto contido em mais de uma feição; vínculo ambíguo."]}, {"id": "a1_1121", "status": "candidate", "georeferenced": true, "issues": ["Texto contido em mais de uma feição; vínculo ambíguo."]}, {"id": "a1_1122", "status": "candidate", "georeferenced": true, "issues": ["Texto contido em mais de uma feição; vínculo ambíguo."]}, {"id": "a1_1123", "status": "candidate", "georeferenced": true, "issues": ["Texto contido em mais de uma feição; vínculo ambíguo."]}, {"id": "a1_1124", "status": "candidate", "georeferenced": true, "issues": ["Texto contido em mais de uma feição; vínculo ambíguo."]}, {"id": "a1_1125", "status": "candidate", "georeferenced": true, "issues": ["Texto contido em mais de uma feição; vínculo ambíguo."]}, {"id": "a1_1126", "status": "candidate", "georeferenced": true, "issues": ["Texto contido em mais de uma feição; vínculo ambíguo."]}, {"id": "a1_1127", "status": "candidate", "georeferenced": true, "issues": ["Texto contido em mais de uma feição; vínculo ambíguo."]}, {"id": "a1_1128", "status": "candidate", "georeferenced": true, "issues": ["Texto contido em mais de uma feição; vínculo ambíguo."]}, {"id": "a1_1129", "status": "candidate", "georeferenced": true, "issues": []}, {"id": "a1_1130", "status": "candidate", "georeferenced": true, "issues": ["Texto contido em mais de uma feição; vínculo ambíguo."]}, {"id": "a1_1131", "status": "candidate", "georeferenced": true, "issues": ["Texto contido em mais de uma feição; vínculo ambíguo."]}, {"id": "a1_1132", "status": "candidate", "georeferenced": true, "issues": []}, {"id": "a1_1133", "status": "candidate", "georeferenced": true, "issues": ["Texto contido em mais de uma feição; vínculo ambíguo."]}, {"id": "a1_1134", "status": "candidate", "georeferenced": true, "issues": ["Texto contido em mais de uma feição; vínculo ambíguo."]}, {"id": "a1_1135", "status": "candidate", "georeferenced": true, "issues": ["Texto contido em mais de uma feição; vínculo ambíguo."]}, {"id": "a1_1136", "status": "candidate", "georeferenced": true, "issues": ["Texto contido em mais de uma feição; vínculo ambíguo."]}, {"id": "a1_1137", "status": "candidate", "georeferenced": true, "issues": []}, {"id": "a1_1138", "status": "candidate", "georeferenced": true, "issues": ["Texto contido em mais de uma feição; vínculo ambíguo."]}, {"id": "a1_1139", "status": "candidate", "georeferenced": true, "issues": []}, {"id": "a1_1140", "status": "candidate", "georeferenced": true, "issues": ["Texto contido em mais de uma feição; vínculo ambíguo."]}, {"id": "a1_1141", "status": "candidate", "georeferenced": true, "issues": ["Texto contido em mais de uma feição; vínculo ambíguo."]}, {"id": "a1_1142", "status": "candidate", "georeferenced": true, "issues": ["Texto contido em mais de uma feição; vínculo ambíguo."]}, {"id": "a1_1143", "status": "candidate", "georeferenced": true, "issues": ["Texto contido em mais de uma feição; vínculo ambíguo."]}, {"id": "a1_1144", "status": "candidate", "georeferenced": true, "issues": ["Texto contido em mais de uma feição; vínculo ambíguo."]}, {"id": "a1_1145", "status": "candidate", "georeferenced": true, "issues": ["Texto contido em mais de uma feição; vínculo ambíguo."]}, {"id": "a1_1146", "status": "candidate", "georeferenced": true, "issues": ["Texto contido em mais de uma feição; vínculo ambíguo."]}, {"id": "a1_1147", "status": "candidate", "georeferenced": true, "issues": ["Texto contido em mais de uma feição; vínculo ambíguo."]}, {"id": "a1_1148", "status": "candidate", "georeferenced": true, "issues": ["Texto contido em mais de uma feição; vínculo ambíguo."]}, {"id": "a1_1149", "status": "candidate", "georeferenced": true, "issues": ["Texto contido em mais de uma feição; vínculo ambíguo."]}, {"id": "a1_1150", "status": "candidate", "georeferenced": true, "issues": []}, {"id": "a1_1151", "status": "candidate", "georeferenced": true, "issues": []}, {"id": "a1_1152", "status": "candidate", "georeferenced": true, "issues": ["Texto contido em mais de uma feição; vínculo ambíguo."]}, {"id": "a1_1153", "status": "candidate", "georeferenced": true, "issues": ["Texto contido em mais de uma feição; vínculo ambíguo."]}, {"id": "a1_1154", "status": "candidate", "georeferenced": true, "issues": ["Texto contido em mais de uma feição; vínculo ambíguo."]}, {"id": "a1_1155", "status": "candidate", "georeferenced": true, "issues": ["Texto contido em mais de uma feição; vínculo ambíguo."]}, {"id": "a1_1156", "status": "candidate", "georeferenced": true, "issues": ["Texto contido em mais de uma feição; vínculo ambíguo."]}, {"id": "a1_1157", "status": "candidate", "georeferenced": true, "issues": []}, {"id": "a1_1158", "status": "candidate", "georeferenced": true, "issues": ["Texto contido em mais de uma feição; vínculo ambíguo."]}, {"id": "a1_1159", "status": "candidate", "georeferenced": true, "issues": ["Texto contido em mais de uma feição; vínculo ambíguo."]}, {"id": "a1_1160", "status": "candidate", "georeferenced": true, "issues": ["Texto contido em mais de uma feição; vínculo ambíguo."]}, {"id": "a1_1161", "status": "candidate", "georeferenced": true, "issues": ["Texto contido em mais de uma feição; vínculo ambíguo."]}, {"id": "a1_1162", "status": "candidate", "georeferenced": true, "issues": ["Texto contido em mais de uma feição; vínculo ambíguo."]}, {"id": "a1_1163", "status": "candidate", "georeferenced": true, "issues": ["Texto contido em mais de uma feição; vínculo ambíguo."]}, {"id": "a1_1164", "status": "candidate", "georeferenced": true, "issues": ["Texto contido em mais de uma feição; vínculo ambíguo."]}, {"id": "a1_1165", "status": "candidate", "georeferenced": true, "issues": ["Texto contido em mais de uma feição; vínculo ambíguo."]}, {"id": "a1_1166", "status": "candidate", "georeferenced": true, "issues": ["Texto contido em mais de uma feição; vínculo ambíguo."]}, {"id": "a1_1167", "status": "candidate", "georeferenced": true, "issues": ["Texto contido em mais de uma feição; vínculo ambíguo."]}, {"id": "a1_1168", "status": "candidate", "georeferenced": true, "issues": ["Texto contido em mais de uma feição; vínculo ambíguo."]}, {"id": "a1_1169", "status": "candidate", "georeferenced": true, "issues": ["Texto contido em mais de uma feição; vínculo ambíguo."]}, {"id": "a1_1170", "status": "candidate", "georeferenced": true, "issues": ["Texto contido em mais de uma feição; vínculo ambíguo."]}, {"id": "a1_1171", "status": "candidate", "georeferenced": true, "issues": ["Texto contido em mais de uma feição; vínculo ambíguo."]}, {"id": "a1_1172", "status": "candidate", "georeferenced": true, "issues": ["Texto contido em mais de uma feição; vínculo ambíguo."]}, {"id": "a1_1173", "status": "candidate", "georeferenced": true, "issues": ["Texto contido em mais de uma feição; vínculo ambíguo."]}, {"id": "a1_1174", "status": "candidate", "georeferenced": true, "issues": ["Texto contido em mais de uma feição; vínculo ambíguo."]}, {"id": "a1_1175", "status": "candidate", "georeferenced": true, "issues": ["Texto contido em mais de uma feição; vínculo ambíguo."]}, {"id": "a1_1176", "status": "candidate", "georeferenced": true, "issues": ["Texto contido em mais de uma feição; vínculo ambíguo."]}, {"id": "a1_1177", "status": "candidate", "georeferenced": true, "issues": ["Texto contido em mais de uma feição; vínculo ambíguo."]}, {"id": "a1_1178", "status": "candidate", "georeferenced": true, "issues": ["Texto contido em mais de uma feição; vínculo ambíguo."]}, {"id": "a1_1179", "status": "candidate", "georeferenced": true, "issues": ["Texto contido em mais de uma feição; vínculo ambíguo."]}, {"id": "a1_1180", "status": "candidate", "georeferenced": true, "issues": ["Texto contido em mais de uma feição; vínculo ambíguo."]}, {"id": "a1_1181", "status": "candidate", "georeferenced": true, "issues": ["Texto contido em mais de uma feição; vínculo ambíguo."]}, {"id": "a1_1182", "status": "candidate", "georeferenced": true, "issues": ["Texto contido em mais de uma feição; vínculo ambíguo."]}, {"id": "a1_1183", "status": "candidate", "georeferenced": true, "issues": ["Texto contido em mais de uma feição; vínculo ambíguo."]}, {"id": "a1_1184", "status": "candidate", "georeferenced": true, "issues": ["Texto contido em mais de uma feição; vínculo ambíguo."]}, {"id": "a1_1185", "status": "candidate", "georeferenced": true, "issues": ["Texto contido em mais de uma feição; vínculo ambíguo."]}, {"id": "a1_1186", "status": "candidate", "georeferenced": true, "issues": ["Texto contido em mais de uma feição; vínculo ambíguo."]}, {"id": "a1_1187", "status": "candidate", "georeferenced": true, "issues": ["Texto contido em mais de uma feição; vínculo ambíguo."]}, {"id": "a1_1188", "status": "candidate", "georeferenced": true, "issues": ["Texto contido em mais de uma feição; vínculo ambíguo."]}, {"id": "a1_1189", "status": "candidate", "georeferenced": true, "issues": ["Texto contido em mais de uma feição; vínculo ambíguo."]}, {"id": "a1_1190", "status": "candidate", "georeferenced": true, "issues": ["Texto contido em mais de uma feição; vínculo ambíguo."]}, {"id": "a1_1191", "status": "candidate", "georeferenced": true, "issues": []}, {"id": "a1_1192", "status": "candidate", "georeferenced": true, "issues": []}, {"id": "a1_1193", "status": "candidate", "georeferenced": true, "issues": []}, {"id": "a1_1194", "status": "candidate", "georeferenced": true, "issues": ["Texto contido em mais de uma feição; vínculo ambíguo."]}, {"id": "a1_1195", "status": "candidate", "georeferenced": true, "issues": ["Texto contido em mais de uma feição; vínculo ambíguo."]}, {"id": "a1_1196", "status": "candidate", "georeferenced": true, "issues": ["Texto contido em mais de uma feição; vínculo ambíguo."]}, {"id": "a1_1197", "status": "candidate", "georeferenced": true, "issues": ["Texto contido em mais de uma feição; vínculo ambíguo."]}, {"id": "a1_1198", "status": "candidate", "georeferenced": true, "issues": []}, {"id": "a1_1199", "status": "candidate", "georeferenced": true, "issues": ["Texto contido em mais de uma feição; vínculo ambíguo."]}, {"id": "a1_1200", "status": "candidate", "georeferenced": true, "issues": ["Texto contido em mais de uma feição; vínculo ambíguo."]}, {"id": "a1_1201", "status": "candidate", "georeferenced": true, "issues": ["Texto contido em mais de uma feição; vínculo ambíguo."]}, {"id": "a1_1202", "status": "candidate", "georeferenced": true, "issues": ["Texto contido em mais de uma feição; vínculo ambíguo."]}, {"id": "a1_1203", "status": "candidate", "georeferenced": true, "issues": ["Texto contido em mais de uma feição; vínculo ambíguo."]}, {"id": "a1_1204", "status": "candidate", "georeferenced": true, "issues": ["Texto contido em mais de uma feição; vínculo ambíguo."]}, {"id": "a1_1205", "status": "candidate", "georeferenced": true, "issues": ["Texto contido em mais de uma feição; vínculo ambíguo."]}, {"id": "a1_1206", "status": "candidate", "georeferenced": true, "issues": ["Texto contido em mais de uma feição; vínculo ambíguo."]}, {"id": "a1_1207", "status": "candidate", "georeferenced": true, "issues": ["Texto contido em mais de uma feição; vínculo ambíguo."]}, {"id": "a1_1208", "status": "candidate", "georeferenced": true, "issues": ["Texto contido em mais de uma feição; vínculo ambíguo."]}, {"id": "a1_1209", "status": "candidate", "georeferenced": true, "issues": ["Texto contido em mais de uma feição; vínculo ambíguo."]}, {"id": "a1_1210", "status": "candidate", "georeferenced": true, "issues": ["Texto contido em mais de uma feição; vínculo ambíguo."]}, {"id": "a1_1211", "status": "candidate", "georeferenced": true, "issues": ["Texto contido em mais de uma feição; vínculo ambíguo."]}, {"id": "a1_1212", "status": "candidate", "georeferenced": true, "issues": ["Texto contido em mais de uma feição; vínculo ambíguo."]}, {"id": "a1_1213", "status": "candidate", "georeferenced": true, "issues": ["Texto contido em mais de uma feição; vínculo ambíguo."]}, {"id": "a1_1214", "status": "candidate", "georeferenced": true, "issues": ["Texto contido em mais de uma feição; vínculo ambíguo."]}, {"id": "a1_1215", "status": "candidate", "georeferenced": true, "issues": ["Texto contido em mais de uma feição; vínculo ambíguo."]}, {"id": "a1_1216", "status": "candidate", "georeferenced": true, "issues": []}, {"id": "a1_1217", "status": "candidate", "georeferenced": true, "issues": ["Texto contido em mais de uma feição; vínculo ambíguo."]}, {"id": "a1_1218", "status": "candidate", "georeferenced": true, "issues": ["Texto contido em mais de uma feição; vínculo ambíguo."]}, {"id": "a1_1219", "status": "candidate", "georeferenced": true, "issues": []}, {"id": "a1_1220", "status": "candidate", "georeferenced": true, "issues": ["Texto contido em mais de uma feição; vínculo ambíguo."]}, {"id": "a1_1221", "status": "candidate", "georeferenced": true, "issues": ["Texto contido em mais de uma feição; vínculo ambíguo."]}, {"id": "a1_1222", "status": "candidate", "georeferenced": true, "issues": ["Texto contido em mais de uma feição; vínculo ambíguo."]}, {"id": "a1_1223", "status": "candidate", "georeferenced": true, "issues": ["Texto contido em mais de uma feição; vínculo ambíguo."]}, {"id": "a1_1224", "status": "candidate", "georeferenced": true, "issues": []}, {"id": "a1_1225", "status": "candidate", "georeferenced": true, "issues": []}, {"id": "a1_1226", "status": "candidate", "georeferenced": true, "issues": ["Texto contido em mais de uma feição; vínculo ambíguo."]}, {"id": "a1_1227", "status": "candidate", "georeferenced": true, "issues": []}, {"id": "a1_1228", "status": "candidate", "georeferenced": true, "issues": ["Texto contido em mais de uma feição; vínculo ambíguo."]}, {"id": "a1_1229", "status": "candidate", "georeferenced": true, "issues": ["Texto contido em mais de uma feição; vínculo ambíguo."]}, {"id": "a1_1230", "status": "candidate", "georeferenced": true, "issues": ["Texto contido em mais de uma feição; vínculo ambíguo."]}, {"id": "a1_1231", "status": "candidate", "georeferenced": true, "issues": ["Texto contido em mais de uma feição; vínculo ambíguo."]}, {"id": "a1_1232", "status": "candidate", "georeferenced": true, "issues": ["Texto contido em mais de uma feição; vínculo ambíguo."]}, {"id": "a1_1233", "status": "candidate", "georeferenced": true, "issues": ["Texto contido em mais de uma feição; vínculo ambíguo."]}, {"id": "a1_1234", "status": "candidate", "georeferenced": true, "issues": ["Texto contido em mais de uma feição; vínculo ambíguo."]}, {"id": "a1_1235", "status": "candidate", "georeferenced": true, "issues": ["Texto contido em mais de uma feição; vínculo ambíguo."]}, {"id": "a1_1236", "status": "candidate", "georeferenced": true, "issues": ["Texto contido em mais de uma feição; vínculo ambíguo."]}, {"id": "a1_1237", "status": "candidate", "georeferenced": true, "issues": ["Texto contido em mais de uma feição; vínculo ambíguo."]}, {"id": "a1_1238", "status": "candidate", "georeferenced": true, "issues": ["Texto contido em mais de uma feição; vínculo ambíguo."]}, {"id": "a1_1239", "status": "candidate", "georeferenced": true, "issues": ["Texto contido em mais de uma feição; vínculo ambíguo."]}, {"id": "a1_1240", "status": "candidate", "georeferenced": true, "issues": ["Texto contido em mais de uma feição; vínculo ambíguo."]}, {"id": "a1_1241", "status": "candidate", "georeferenced": true, "issues": []}, {"id": "a1_1242", "status": "candidate", "georeferenced": true, "issues": ["Texto contido em mais de uma feição; vínculo ambíguo."]}, {"id": "a1_1243", "status": "candidate", "georeferenced": true, "issues": ["Texto contido em mais de uma feição; vínculo ambíguo."]}, {"id": "a1_1244", "status": "candidate", "georeferenced": true, "issues": ["Texto contido em mais de uma feição; vínculo ambíguo."]}, {"id": "a1_1245", "status": "candidate", "georeferenced": true, "issues": ["Texto contido em mais de uma feição; vínculo ambíguo."]}, {"id": "a1_1246", "status": "candidate", "georeferenced": true, "issues": ["Texto contido em mais de uma feição; vínculo ambíguo."]}, {"id": "a1_1247", "status": "candidate", "georeferenced": true, "issues": ["Texto contido em mais de uma feição; vínculo ambíguo."]}, {"id": "a1_1248", "status": "candidate", "georeferenced": true, "issues": ["Texto contido em mais de uma feição; vínculo ambíguo."]}, {"id": "a1_1249", "status": "candidate", "georeferenced": true, "issues": ["Texto contido em mais de uma feição; vínculo ambíguo."]}, {"id": "a1_1250", "status": "candidate", "georeferenced": true, "issues": ["Texto contido em mais de uma feição; vínculo ambíguo."]}, {"id": "a1_1251", "status": "candidate", "georeferenced": true, "issues": []}, {"id": "a1_1252", "status": "candidate", "georeferenced": true, "issues": ["Texto contido em mais de uma feição; vínculo ambíguo."]}, {"id": "a1_1253", "status": "candidate", "georeferenced": true, "issues": ["Texto contido em mais de uma feição; vínculo ambíguo."]}, {"id": "a1_1254", "status": "candidate", "georeferenced": true, "issues": ["Texto contido em mais de uma feição; vínculo ambíguo."]}, {"id": "a1_1255", "status": "candidate", "georeferenced": true, "issues": ["Texto contido em mais de uma feição; vínculo ambíguo."]}, {"id": "a1_1256", "status": "candidate", "georeferenced": true, "issues": ["Texto contido em mais de uma feição; vínculo ambíguo."]}, {"id": "a1_1257", "status": "candidate", "georeferenced": true, "issues": ["Texto contido em mais de uma feição; vínculo ambíguo."]}, {"id": "a1_1258", "status": "candidate", "georeferenced": true, "issues": []}, {"id": "a1_1259", "status": "candidate", "georeferenced": true, "issues": []}, {"id": "a1_1260", "status": "candidate", "georeferenced": true, "issues": ["Texto contido em mais de uma feição; vínculo ambíguo."]}, {"id": "a1_1261", "status": "candidate", "georeferenced": true, "issues": ["Texto contido em mais de uma feição; vínculo ambíguo."]}, {"id": "a1_1262", "status": "candidate", "georeferenced": true, "issues": []}, {"id": "a1_1263", "status": "candidate", "georeferenced": true, "issues": ["Texto contido em mais de uma feição; vínculo ambíguo."]}, {"id": "a1_1264", "status": "candidate", "georeferenced": true, "issues": ["Texto contido em mais de uma feição; vínculo ambíguo."]}, {"id": "a1_1265", "status": "candidate", "georeferenced": true, "issues": ["Texto contido em mais de uma feição; vínculo ambíguo."]}, {"id": "a1_1266", "status": "candidate", "georeferenced": true, "issues": ["Texto contido em mais de uma feição; vínculo ambíguo."]}, {"id": "a1_1267", "status": "candidate", "georeferenced": true, "issues": ["Texto contido em mais de uma feição; vínculo ambíguo."]}, {"id": "a1_1268", "status": "candidate", "georeferenced": true, "issues": ["Texto contido em mais de uma feição; vínculo ambíguo."]}, {"id": "a1_1269", "status": "candidate", "georeferenced": true, "issues": ["Texto contido em mais de uma feição; vínculo ambíguo."]}, {"id": "a1_1270", "status": "candidate", "georeferenced": true, "issues": ["Texto contido em mais de uma feição; vínculo ambíguo."]}, {"id": "a1_1271", "status": "candidate", "georeferenced": true, "issues": []}, {"id": "a1_1272", "status": "candidate", "georeferenced": true, "issues": ["Texto contido em mais de uma feição; vínculo ambíguo."]}, {"id": "a1_1273", "status": "candidate", "georeferenced": true, "issues": []}, {"id": "a1_1274", "status": "candidate", "georeferenced": true, "issues": ["Texto contido em mais de uma feição; vínculo ambíguo."]}, {"id": "a1_1275", "status": "candidate", "georeferenced": true, "issues": ["Texto contido em mais de uma feição; vínculo ambíguo."]}, {"id": "a1_1276", "status": "candidate", "georeferenced": true, "issues": ["Texto contido em mais de uma feição; vínculo ambíguo."]}, {"id": "a1_1277", "status": "candidate", "georeferenced": true, "issues": ["Texto contido em mais de uma feição; vínculo ambíguo."]}, {"id": "a1_1278", "status": "candidate", "georeferenced": true, "issues": ["Texto contido em mais de uma feição; vínculo ambíguo."]}, {"id": "a1_1279", "status": "candidate", "georeferenced": true, "issues": ["Texto contido em mais de uma feição; vínculo ambíguo."]}, {"id": "a1_1280", "status": "candidate", "georeferenced": true, "issues": ["Texto contido em mais de uma feição; vínculo ambíguo."]}, {"id": "a1_1281", "status": "candidate", "georeferenced": true, "issues": ["Texto contido em mais de uma feição; vínculo ambíguo."]}, {"id": "a1_1282", "status": "candidate", "georeferenced": true, "issues": ["Texto contido em mais de uma feição; vínculo ambíguo."]}, {"id": "a1_1283", "status": "candidate", "georeferenced": true, "issues": ["Texto contido em mais de uma feição; vínculo ambíguo."]}, {"id": "a1_1284", "status": "candidate", "georeferenced": true, "issues": ["Texto contido em mais de uma feição; vínculo ambíguo."]}, {"id": "a1_1285", "status": "candidate", "georeferenced": true, "issues": ["Texto contido em mais de uma feição; vínculo ambíguo."]}, {"id": "a1_1286", "status": "candidate", "georeferenced": true, "issues": ["Texto contido em mais de uma feição; vínculo ambíguo."]}, {"id": "a1_1287", "status": "candidate", "georeferenced": true, "issues": ["Texto contido em mais de uma feição; vínculo ambíguo."]}, {"id": "a1_1288", "status": "candidate", "georeferenced": true, "issues": []}, {"id": "a1_1289", "status": "candidate", "georeferenced": true, "issues": []}, {"id": "a1_1290", "status": "candidate", "georeferenced": true, "issues": ["Texto contido em mais de uma feição; vínculo ambíguo."]}, {"id": "a1_1291", "status": "candidate", "georeferenced": true, "issues": ["Texto contido em mais de uma feição; vínculo ambíguo."]}, {"id": "a1_1292", "status": "candidate", "georeferenced": true, "issues": []}, {"id": "a1_1293", "status": "candidate", "georeferenced": true, "issues": ["Texto contido em mais de uma feição; vínculo ambíguo."]}, {"id": "a1_1294", "status": "candidate", "georeferenced": true, "issues": []}, {"id": "a1_1295", "status": "candidate", "georeferenced": true, "issues": ["Texto contido em mais de uma feição; vínculo ambíguo."]}, {"id": "a1_1296", "status": "candidate", "georeferenced": true, "issues": ["Texto contido em mais de uma feição; vínculo ambíguo."]}, {"id": "a1_1297", "status": "candidate", "georeferenced": true, "issues": ["Texto contido em mais de uma feição; vínculo ambíguo."]}, {"id": "a1_1298", "status": "candidate", "georeferenced": true, "issues": ["Texto contido em mais de uma feição; vínculo ambíguo."]}, {"id": "a1_1299", "status": "candidate", "georeferenced": true, "issues": ["Texto contido em mais de uma feição; vínculo ambíguo."]}, {"id": "a1_1300", "status": "candidate", "georeferenced": true, "issues": []}, {"id": "a1_1301", "status": "candidate", "georeferenced": true, "issues": ["Texto contido em mais de uma feição; vínculo ambíguo."]}, {"id": "a1_1302", "status": "candidate", "georeferenced": true, "issues": ["Texto contido em mais de uma feição; vínculo ambíguo."]}, {"id": "a1_1303", "status": "candidate", "georeferenced": true, "issues": []}, {"id": "a1_1304", "status": "candidate", "georeferenced": true, "issues": []}, {"id": "a1_1305", "status": "candidate", "georeferenced": true, "issues": ["Texto contido em mais de uma feição; vínculo ambíguo."]}, {"id": "a1_1306", "status": "candidate", "georeferenced": true, "issues": ["Texto contido em mais de uma feição; vínculo ambíguo."]}, {"id": "a1_1307", "status": "candidate", "georeferenced": true, "issues": ["Texto contido em mais de uma feição; vínculo ambíguo."]}, {"id": "a1_1308", "status": "candidate", "georeferenced": true, "issues": []}, {"id": "a1_1309", "status": "candidate", "georeferenced": true, "issues": []}, {"id": "a1_1310", "status": "candidate", "georeferenced": true, "issues": []}, {"id": "a1_1311", "status": "candidate", "georeferenced": true, "issues": ["Texto contido em mais de uma feição; vínculo ambíguo."]}, {"id": "a1_1312", "status": "candidate", "georeferenced": true, "issues": ["Texto contido em mais de uma feição; vínculo ambíguo."]}, {"id": "a1_1313", "status": "candidate", "georeferenced": true, "issues": ["Texto contido em mais de uma feição; vínculo ambíguo."]}, {"id": "a1_1314", "status": "candidate", "georeferenced": true, "issues": ["Texto contido em mais de uma feição; vínculo ambíguo."]}, {"id": "a1_1315", "status": "candidate", "georeferenced": true, "issues": ["Texto contido em mais de uma feição; vínculo ambíguo."]}, {"id": "a1_1316", "status": "candidate", "georeferenced": true, "issues": ["Texto contido em mais de uma feição; vínculo ambíguo."]}, {"id": "a1_1317", "status": "candidate", "georeferenced": true, "issues": []}, {"id": "a1_1318", "status": "candidate", "georeferenced": true, "issues": ["Texto contido em mais de uma feição; vínculo ambíguo."]}, {"id": "a1_1319", "status": "candidate", "georeferenced": true, "issues": []}, {"id": "a1_1320", "status": "candidate", "georeferenced": true, "issues": ["Texto contido em mais de uma feição; vínculo ambíguo."]}, {"id": "a1_1321", "status": "candidate", "georeferenced": true, "issues": ["Texto contido em mais de uma feição; vínculo ambíguo."]}, {"id": "a1_1322", "status": "candidate", "georeferenced": true, "issues": ["Texto contido em mais de uma feição; vínculo ambíguo."]}, {"id": "a1_1323", "status": "candidate", "georeferenced": true, "issues": ["Texto contido em mais de uma feição; vínculo ambíguo."]}, {"id": "a1_1324", "status": "candidate", "georeferenced": true, "issues": []}, {"id": "a1_1325", "status": "candidate", "georeferenced": true, "issues": []}, {"id": "a1_1326", "status": "candidate", "georeferenced": true, "issues": ["Texto contido em mais de uma feição; vínculo ambíguo."]}, {"id": "a1_1327", "status": "candidate", "georeferenced": true, "issues": ["Texto contido em mais de uma feição; vínculo ambíguo."]}, {"id": "a1_1328", "status": "candidate", "georeferenced": true, "issues": []}, {"id": "a1_1329", "status": "candidate", "georeferenced": true, "issues": ["Texto contido em mais de uma feição; vínculo ambíguo."]}, {"id": "a1_1330", "status": "candidate", "georeferenced": true, "issues": ["Texto contido em mais de uma feição; vínculo ambíguo."]}, {"id": "a1_1331", "status": "candidate", "georeferenced": true, "issues": ["Texto contido em mais de uma feição; vínculo ambíguo."]}, {"id": "a1_1332", "status": "candidate", "georeferenced": true, "issues": []}, {"id": "a1_1333", "status": "candidate", "georeferenced": true, "issues": []}, {"id": "a1_1334", "status": "candidate", "georeferenced": true, "issues": []}, {"id": "a1_1335", "status": "candidate", "georeferenced": true, "issues": []}, {"id": "a1_1336", "status": "candidate", "georeferenced": true, "issues": []}, {"id": "a1_1337", "status": "candidate", "georeferenced": true, "issues": ["Texto contido em mais de uma feição; vínculo ambíguo."]}, {"id": "a1_1338", "status": "candidate", "georeferenced": true, "issues": ["Texto contido em mais de uma feição; vínculo ambíguo."]}, {"id": "a1_1339", "status": "candidate", "georeferenced": true, "issues": ["Texto contido em mais de uma feição; vínculo ambíguo."]}, {"id": "a1_1340", "status": "candidate", "georeferenced": true, "issues": ["Texto contido em mais de uma feição; vínculo ambíguo."]}, {"id": "a1_1341", "status": "candidate", "georeferenced": true, "issues": []}, {"id": "a1_1342", "status": "candidate", "georeferenced": true, "issues": []}, {"id": "a1_1343", "status": "candidate", "georeferenced": true, "issues": ["Texto contido em mais de uma feição; vínculo ambíguo."]}, {"id": "a1_1344", "status": "candidate", "georeferenced": true, "issues": []}, {"id": "a1_1345", "status": "candidate", "georeferenced": true, "issues": ["Texto contido em mais de uma feição; vínculo ambíguo."]}, {"id": "a1_1346", "status": "candidate", "georeferenced": true, "issues": []}, {"id": "a1_1347", "status": "candidate", "georeferenced": true, "issues": []}, {"id": "a1_1348", "status": "candidate", "georeferenced": true, "issues": ["Texto contido em mais de uma feição; vínculo ambíguo."]}, {"id": "a1_1349", "status": "candidate", "georeferenced": true, "issues": ["Texto contido em mais de uma feição; vínculo ambíguo."]}, {"id": "a1_1350", "status": "candidate", "georeferenced": true, "issues": []}, {"id": "a1_1351", "status": "candidate", "georeferenced": true, "issues": ["Texto contido em mais de uma feição; vínculo ambíguo."]}, {"id": "a1_1352", "status": "candidate", "georeferenced": true, "issues": ["Texto contido em mais de uma feição; vínculo ambíguo."]}, {"id": "a1_1353", "status": "candidate", "georeferenced": true, "issues": ["Texto contido em mais de uma feição; vínculo ambíguo."]}, {"id": "a1_1354", "status": "candidate", "georeferenced": true, "issues": ["Texto contido em mais de uma feição; vínculo ambíguo."]}, {"id": "a1_1355", "status": "candidate", "georeferenced": true, "issues": ["Texto contido em mais de uma feição; vínculo ambíguo."]}, {"id": "a1_1356", "status": "candidate", "georeferenced": true, "issues": ["Texto contido em mais de uma feição; vínculo ambíguo."]}, {"id": "a1_1357", "status": "candidate", "georeferenced": true, "issues": []}, {"id": "a1_1358", "status": "candidate", "georeferenced": true, "issues": []}, {"id": "a1_1359", "status": "candidate", "georeferenced": true, "issues": ["Texto contido em mais de uma feição; vínculo ambíguo."]}, {"id": "a1_1360", "status": "candidate", "georeferenced": true, "issues": ["Texto contido em mais de uma feição; vínculo ambíguo."]}, {"id": "a1_1361", "status": "candidate", "georeferenced": true, "issues": ["Texto contido em mais de uma feição; vínculo ambíguo."]}, {"id": "a1_1362", "status": "candidate", "georeferenced": true, "issues": ["Texto contido em mais de uma feição; vínculo ambíguo."]}, {"id": "a1_1363", "status": "candidate", "georeferenced": true, "issues": ["Texto contido em mais de uma feição; vínculo ambíguo."]}, {"id": "a1_1364", "status": "candidate", "georeferenced": true, "issues": ["Texto contido em mais de uma feição; vínculo ambíguo."]}, {"id": "a1_1365", "status": "candidate", "georeferenced": true, "issues": []}, {"id": "a1_1366", "status": "candidate", "georeferenced": true, "issues": ["Texto contido em mais de uma feição; vínculo ambíguo."]}, {"id": "a1_1367", "status": "candidate", "georeferenced": true, "issues": ["Texto contido em mais de uma feição; vínculo ambíguo."]}, {"id": "a1_1368", "status": "candidate", "georeferenced": true, "issues": ["Texto contido em mais de uma feição; vínculo ambíguo."]}, {"id": "a1_1369", "status": "candidate", "georeferenced": true, "issues": ["Texto contido em mais de uma feição; vínculo ambíguo."]}, {"id": "a1_1370", "status": "candidate", "georeferenced": true, "issues": ["Texto contido em mais de uma feição; vínculo ambíguo."]}, {"id": "a1_1371", "status": "candidate", "georeferenced": true, "issues": ["Texto contido em mais de uma feição; vínculo ambíguo."]}, {"id": "a1_1372", "status": "candidate", "georeferenced": true, "issues": []}, {"id": "a1_1373", "status": "candidate", "georeferenced": true, "issues": ["Texto contido em mais de uma feição; vínculo ambíguo."]}, {"id": "a1_1374", "status": "candidate", "georeferenced": true, "issues": ["Texto contido em mais de uma feição; vínculo ambíguo."]}, {"id": "a1_1375", "status": "candidate", "georeferenced": true, "issues": ["Texto contido em mais de uma feição; vínculo ambíguo."]}, {"id": "a1_1376", "status": "candidate", "georeferenced": true, "issues": []}, {"id": "a1_1377", "status": "candidate", "georeferenced": true, "issues": ["Texto contido em mais de uma feição; vínculo ambíguo."]}, {"id": "a1_1378", "status": "candidate", "georeferenced": true, "issues": ["Texto contido em mais de uma feição; vínculo ambíguo."]}, {"id": "a1_1379", "status": "candidate", "georeferenced": true, "issues": ["Texto contido em mais de uma feição; vínculo ambíguo."]}, {"id": "a1_1380", "status": "candidate", "georeferenced": true, "issues": []}, {"id": "a1_1381", "status": "candidate", "georeferenced": true, "issues": ["Texto contido em mais de uma feição; vínculo ambíguo."]}, {"id": "a1_1382", "status": "candidate", "georeferenced": true, "issues": ["Texto contido em mais de uma feição; vínculo ambíguo."]}, {"id": "a1_1383", "status": "candidate", "georeferenced": true, "issues": ["Texto contido em mais de uma feição; vínculo ambíguo."]}, {"id": "a1_1384", "status": "candidate", "georeferenced": true, "issues": ["Texto contido em mais de uma feição; vínculo ambíguo."]}, {"id": "a1_1385", "status": "candidate", "georeferenced": true, "issues": ["Texto contido em mais de uma feição; vínculo ambíguo."]}, {"id": "a1_1386", "status": "candidate", "georeferenced": true, "issues": []}, {"id": "a1_1387", "status": "candidate", "georeferenced": true, "issues": ["Texto contido em mais de uma feição; vínculo ambíguo."]}, {"id": "a1_1388", "status": "candidate", "georeferenced": true, "issues": ["Texto contido em mais de uma feição; vínculo ambíguo."]}, {"id": "a1_1389", "status": "candidate", "georeferenced": true, "issues": []}, {"id": "a1_1390", "status": "candidate", "georeferenced": true, "issues": ["Texto contido em mais de uma feição; vínculo ambíguo."]}, {"id": "a1_1391", "status": "candidate", "georeferenced": true, "issues": ["Texto contido em mais de uma feição; vínculo ambíguo."]}, {"id": "a1_1392", "status": "candidate", "georeferenced": true, "issues": ["Texto contido em mais de uma feição; vínculo ambíguo."]}, {"id": "a1_1393", "status": "candidate", "georeferenced": true, "issues": []}, {"id": "a1_1394", "status": "candidate", "georeferenced": true, "issues": ["Texto contido em mais de uma feição; vínculo ambíguo."]}, {"id": "a1_1395", "status": "candidate", "georeferenced": true, "issues": ["Texto contido em mais de uma feição; vínculo ambíguo."]}, {"id": "a1_1396", "status": "candidate", "georeferenced": true, "issues": []}, {"id": "a1_1397", "status": "candidate", "georeferenced": true, "issues": ["Texto contido em mais de uma feição; vínculo ambíguo."]}, {"id": "a1_1398", "status": "candidate", "georeferenced": true, "issues": ["Texto contido em mais de uma feição; vínculo ambíguo."]}, {"id": "a1_1399", "status": "candidate", "georeferenced": true, "issues": ["Texto contido em mais de uma feição; vínculo ambíguo."]}, {"id": "a1_1400", "status": "candidate", "georeferenced": true, "issues": ["Texto contido em mais de uma feição; vínculo ambíguo."]}, {"id": "a1_1401", "status": "candidate", "georeferenced": true, "issues": ["Texto contido em mais de uma feição; vínculo ambíguo."]}, {"id": "a1_1402", "status": "candidate", "georeferenced": true, "issues": ["Texto contido em mais de uma feição; vínculo ambíguo."]}, {"id": "a1_1403", "status": "candidate", "georeferenced": true, "issues": []}, {"id": "a1_1404", "status": "candidate", "georeferenced": true, "issues": []}, {"id": "a1_1405", "status": "candidate", "georeferenced": true, "issues": ["Texto contido em mais de uma feição; vínculo ambíguo."]}, {"id": "a1_1406", "status": "candidate", "georeferenced": true, "issues": ["Texto contido em mais de uma feição; vínculo ambíguo."]}, {"id": "a1_1407", "status": "candidate", "georeferenced": true, "issues": ["Texto contido em mais de uma feição; vínculo ambíguo."]}, {"id": "a1_1408", "status": "candidate", "georeferenced": true, "issues": []}, {"id": "a1_1409", "status": "candidate", "georeferenced": true, "issues": ["Texto contido em mais de uma feição; vínculo ambíguo."]}, {"id": "a1_1410", "status": "candidate", "georeferenced": true, "issues": []}, {"id": "a1_1411", "status": "candidate", "georeferenced": true, "issues": ["Texto contido em mais de uma feição; vínculo ambíguo."]}, {"id": "a1_1412", "status": "candidate", "georeferenced": true, "issues": ["Texto contido em mais de uma feição; vínculo ambíguo."]}, {"id": "a1_1413", "status": "candidate", "georeferenced": true, "issues": []}, {"id": "a1_1414", "status": "candidate", "georeferenced": true, "issues": ["Texto contido em mais de uma feição; vínculo ambíguo."]}, {"id": "a1_1415", "status": "candidate", "georeferenced": true, "issues": []}, {"id": "a1_1416", "status": "candidate", "georeferenced": true, "issues": ["Texto contido em mais de uma feição; vínculo ambíguo."]}, {"id": "a1_1417", "status": "candidate", "georeferenced": true, "issues": []}, {"id": "a1_1418", "status": "candidate", "georeferenced": true, "issues": []}, {"id": "a1_1419", "status": "candidate", "georeferenced": true, "issues": ["Texto contido em mais de uma feição; vínculo ambíguo."]}, {"id": "a1_1420", "status": "candidate", "georeferenced": true, "issues": ["Texto contido em mais de uma feição; vínculo ambíguo."]}, {"id": "a1_1421", "status": "candidate", "georeferenced": true, "issues": ["Texto contido em mais de uma feição; vínculo ambíguo."]}, {"id": "a1_1422", "status": "candidate", "georeferenced": true, "issues": ["Texto contido em mais de uma feição; vínculo ambíguo."]}, {"id": "a1_1423", "status": "candidate", "georeferenced": true, "issues": ["Texto contido em mais de uma feição; vínculo ambíguo."]}, {"id": "a1_1424", "status": "candidate", "georeferenced": true, "issues": []}, {"id": "a1_1425", "status": "candidate", "georeferenced": true, "issues": ["Texto contido em mais de uma feição; vínculo ambíguo."]}, {"id": "a1_1426", "status": "candidate", "georeferenced": true, "issues": ["Texto contido em mais de uma feição; vínculo ambíguo."]}, {"id": "a1_1427", "status": "candidate", "georeferenced": true, "issues": ["Texto contido em mais de uma feição; vínculo ambíguo."]}, {"id": "a1_1428", "status": "candidate", "georeferenced": true, "issues": []}, {"id": "a1_1429", "status": "candidate", "georeferenced": true, "issues": []}, {"id": "a1_1430", "status": "candidate", "georeferenced": true, "issues": ["Texto contido em mais de uma feição; vínculo ambíguo."]}, {"id": "a1_1431", "status": "candidate", "georeferenced": true, "issues": ["Texto contido em mais de uma feição; vínculo ambíguo."]}, {"id": "a1_1432", "status": "candidate", "georeferenced": true, "issues": []}, {"id": "a1_1433", "status": "candidate", "georeferenced": true, "issues": []}, {"id": "a1_1434", "status": "candidate", "georeferenced": true, "issues": ["Texto contido em mais de uma feição; vínculo ambíguo."]}, {"id": "a1_1435", "status": "candidate", "georeferenced": true, "issues": []}, {"id": "a1_1436", "status": "candidate", "georeferenced": true, "issues": []}, {"id": "a1_1437", "status": "candidate", "georeferenced": true, "issues": ["Texto contido em mais de uma feição; vínculo ambíguo."]}, {"id": "a1_1438", "status": "candidate", "georeferenced": true, "issues": ["Texto contido em mais de uma feição; vínculo ambíguo."]}, {"id": "a1_1439", "status": "candidate", "georeferenced": true, "issues": ["Texto contido em mais de uma feição; vínculo ambíguo."]}, {"id": "a1_1440", "status": "candidate", "georeferenced": true, "issues": []}, {"id": "a1_1441", "status": "candidate", "georeferenced": true, "issues": []}, {"id": "a1_1442", "status": "candidate", "georeferenced": true, "issues": ["Texto contido em mais de uma feição; vínculo ambíguo."]}, {"id": "a1_1443", "status": "candidate", "georeferenced": true, "issues": []}, {"id": "a1_1444", "status": "candidate", "georeferenced": true, "issues": ["Texto contido em mais de uma feição; vínculo ambíguo."]}, {"id": "a1_1445", "status": "candidate", "georeferenced": true, "issues": ["Texto contido em mais de uma feição; vínculo ambíguo."]}, {"id": "a1_1446", "status": "candidate", "georeferenced": true, "issues": ["Texto contido em mais de uma feição; vínculo ambíguo."]}, {"id": "a1_1447", "status": "candidate", "georeferenced": true, "issues": []}, {"id": "a1_1448", "status": "candidate", "georeferenced": true, "issues": []}, {"id": "a1_1449", "status": "candidate", "georeferenced": true, "issues": []}, {"id": "a1_1450", "status": "candidate", "georeferenced": true, "issues": []}, {"id": "a1_1451", "status": "candidate", "georeferenced": true, "issues": ["Texto contido em mais de uma feição; vínculo ambíguo."]}, {"id": "a1_1452", "status": "candidate", "georeferenced": true, "issues": []}, {"id": "a1_1453", "status": "candidate", "georeferenced": true, "issues": ["Texto contido em mais de uma feição; vínculo ambíguo."]}, {"id": "a1_1454", "status": "candidate", "georeferenced": true, "issues": ["Texto contido em mais de uma feição; vínculo ambíguo."]}, {"id": "a1_1455", "status": "candidate", "georeferenced": true, "issues": ["Texto contido em mais de uma feição; vínculo ambíguo."]}, {"id": "a1_1456", "status": "candidate", "georeferenced": true, "issues": ["Texto contido em mais de uma feição; vínculo ambíguo."]}, {"id": "a1_1457", "status": "candidate", "georeferenced": true, "issues": ["Texto contido em mais de uma feição; vínculo ambíguo."]}, {"id": "a1_1458", "status": "candidate", "georeferenced": true, "issues": []}, {"id": "a1_1459", "status": "candidate", "georeferenced": true, "issues": []}, {"id": "a1_1460", "status": "candidate", "georeferenced": true, "issues": ["Texto contido em mais de uma feição; vínculo ambíguo."]}, {"id": "a1_1461", "status": "candidate", "georeferenced": true, "issues": []}, {"id": "a1_1462", "status": "candidate", "georeferenced": true, "issues": ["Texto contido em mais de uma feição; vínculo ambíguo."]}, {"id": "a1_1463", "status": "candidate", "georeferenced": true, "issues": ["Texto contido em mais de uma feição; vínculo ambíguo."]}, {"id": "a1_1464", "status": "candidate", "georeferenced": true, "issues": ["Texto contido em mais de uma feição; vínculo ambíguo."]}, {"id": "a1_1465", "status": "candidate", "georeferenced": true, "issues": []}, {"id": "a1_1466", "status": "candidate", "georeferenced": true, "issues": ["Texto contido em mais de uma feição; vínculo ambíguo."]}, {"id": "a1_1467", "status": "candidate", "georeferenced": true, "issues": ["Texto contido em mais de uma feição; vínculo ambíguo."]}, {"id": "a1_1468", "status": "candidate", "georeferenced": true, "issues": ["Texto contido em mais de uma feição; vínculo ambíguo."]}, {"id": "a1_1469", "status": "candidate", "georeferenced": true, "issues": []}, {"id": "a1_1470", "status": "candidate", "georeferenced": true, "issues": ["Texto contido em mais de uma feição; vínculo ambíguo."]}, {"id": "a1_1471", "status": "candidate", "georeferenced": true, "issues": []}, {"id": "a1_1472", "status": "candidate", "georeferenced": true, "issues": []}, {"id": "a1_1473", "status": "candidate", "georeferenced": true, "issues": ["Texto contido em mais de uma feição; vínculo ambíguo."]}, {"id": "a1_1474", "status": "candidate", "georeferenced": true, "issues": []}, {"id": "a1_1475", "status": "candidate", "georeferenced": true, "issues": ["Texto contido em mais de uma feição; vínculo ambíguo."]}, {"id": "a1_1476", "status": "candidate", "georeferenced": true, "issues": ["Texto contido em mais de uma feição; vínculo ambíguo."]}, {"id": "a1_1477", "status": "candidate", "georeferenced": true, "issues": []}, {"id": "a1_1478", "status": "candidate", "georeferenced": true, "issues": []}, {"id": "a1_1479", "status": "candidate", "georeferenced": true, "issues": ["Texto contido em mais de uma feição; vínculo ambíguo."]}, {"id": "a1_1480", "status": "candidate", "georeferenced": true, "issues": []}, {"id": "a1_1481", "status": "candidate", "georeferenced": true, "issues": ["Texto contido em mais de uma feição; vínculo ambíguo."]}, {"id": "a1_1482", "status": "candidate", "georeferenced": true, "issues": []}, {"id": "a1_1483", "status": "candidate", "georeferenced": true, "issues": []}, {"id": "a1_1484", "status": "candidate", "georeferenced": true, "issues": []}, {"id": "a1_1485", "status": "candidate", "georeferenced": true, "issues": []}, {"id": "a1_1486", "status": "candidate", "georeferenced": true, "issues": ["Texto contido em mais de uma feição; vínculo ambíguo."]}, {"id": "a1_1487", "status": "candidate", "georeferenced": true, "issues": []}, {"id": "a1_1488", "status": "candidate", "georeferenced": true, "issues": ["Texto contido em mais de uma feição; vínculo ambíguo."]}, {"id": "a1_1489", "status": "candidate", "georeferenced": true, "issues": []}, {"id": "a1_1490", "status": "candidate", "georeferenced": true, "issues": []}, {"id": "a1_1491", "status": "candidate", "georeferenced": true, "issues": []}, {"id": "a1_1492", "status": "candidate", "georeferenced": true, "issues": ["Texto contido em mais de uma feição; vínculo ambíguo."]}, {"id": "a1_1493", "status": "candidate", "georeferenced": true, "issues": ["Texto contido em mais de uma feição; vínculo ambíguo."]}, {"id": "a1_1494", "status": "candidate", "georeferenced": true, "issues": []}, {"id": "a1_1495", "status": "candidate", "georeferenced": true, "issues": ["Texto contido em mais de uma feição; vínculo ambíguo."]}, {"id": "a1_1496", "status": "candidate", "georeferenced": true, "issues": []}, {"id": "a1_1497", "status": "candidate", "georeferenced": true, "issues": []}, {"id": "a1_1498", "status": "candidate", "georeferenced": true, "issues": ["Texto contido em mais de uma feição; vínculo ambíguo."]}, {"id": "a1_1499", "status": "candidate", "georeferenced": true, "issues": ["Texto contido em mais de uma feição; vínculo ambíguo."]}, {"id": "a1_1500", "status": "candidate", "georeferenced": true, "issues": ["Texto contido em mais de uma feição; vínculo ambíguo."]}, {"id": "a1_1501", "status": "candidate", "georeferenced": true, "issues": []}, {"id": "a1_1502", "status": "candidate", "georeferenced": true, "issues": []}, {"id": "a1_1503", "status": "candidate", "georeferenced": true, "issues": ["Texto contido em mais de uma feição; vínculo ambíguo."]}, {"id": "a1_1504", "status": "candidate", "georeferenced": true, "issues": []}, {"id": "a1_1505", "status": "candidate", "georeferenced": true, "issues": []}, {"id": "a1_1506", "status": "candidate", "georeferenced": true, "issues": []}, {"id": "a1_1507", "status": "candidate", "georeferenced": true, "issues": ["Texto contido em mais de uma feição; vínculo ambíguo."]}, {"id": "a1_1508", "status": "candidate", "georeferenced": true, "issues": []}, {"id": "a1_1509", "status": "candidate", "georeferenced": true, "issues": ["Texto contido em mais de uma feição; vínculo ambíguo."]}, {"id": "a1_1510", "status": "candidate", "georeferenced": true, "issues": ["Texto contido em mais de uma feição; vínculo ambíguo."]}, {"id": "a1_1511", "status": "candidate", "georeferenced": true, "issues": ["Texto contido em mais de uma feição; vínculo ambíguo."]}, {"id": "a1_1512", "status": "candidate", "georeferenced": true, "issues": []}, {"id": "a1_1513", "status": "candidate", "georeferenced": true, "issues": []}, {"id": "a1_1514", "status": "candidate", "georeferenced": true, "issues": ["Texto contido em mais de uma feição; vínculo ambíguo."]}, {"id": "a1_1515", "status": "candidate", "georeferenced": true, "issues": []}, {"id": "a1_1516", "status": "candidate", "georeferenced": true, "issues": []}, {"id": "a1_1517", "status": "candidate", "georeferenced": true, "issues": ["Texto contido em mais de uma feição; vínculo ambíguo."]}, {"id": "a1_1518", "status": "candidate", "georeferenced": true, "issues": ["Texto contido em mais de uma feição; vínculo ambíguo."]}, {"id": "a1_1519", "status": "candidate", "georeferenced": true, "issues": ["Texto contido em mais de uma feição; vínculo ambíguo."]}, {"id": "a1_1520", "status": "candidate", "georeferenced": true, "issues": []}, {"id": "a1_1521", "status": "candidate", "georeferenced": true, "issues": ["Texto contido em mais de uma feição; vínculo ambíguo."]}, {"id": "a1_1522", "status": "candidate", "georeferenced": true, "issues": []}, {"id": "a1_1523", "status": "candidate", "georeferenced": true, "issues": ["Texto contido em mais de uma feição; vínculo ambíguo."]}, {"id": "a1_1524", "status": "candidate", "georeferenced": true, "issues": ["Texto contido em mais de uma feição; vínculo ambíguo."]}, {"id": "a1_1525", "status": "candidate", "georeferenced": true, "issues": ["Texto contido em mais de uma feição; vínculo ambíguo."]}, {"id": "a1_1526", "status": "candidate", "georeferenced": true, "issues": ["Texto contido em mais de uma feição; vínculo ambíguo."]}, {"id": "a1_1527", "status": "candidate", "georeferenced": true, "issues": ["Texto contido em mais de uma feição; vínculo ambíguo."]}, {"id": "a1_1528", "status": "candidate", "georeferenced": true, "issues": ["Texto contido em mais de uma feição; vínculo ambíguo."]}, {"id": "a1_1529", "status": "candidate", "georeferenced": true, "issues": ["Texto contido em mais de uma feição; vínculo ambíguo."]}, {"id": "a1_1530", "status": "candidate", "georeferenced": true, "issues": []}, {"id": "a1_1531", "status": "candidate", "georeferenced": true, "issues": ["Texto contido em mais de uma feição; vínculo ambíguo."]}, {"id": "a1_1532", "status": "candidate", "georeferenced": true, "issues": ["Texto contido em mais de uma feição; vínculo ambíguo."]}, {"id": "a1_1533", "status": "candidate", "georeferenced": true, "issues": ["Texto contido em mais de uma feição; vínculo ambíguo."]}, {"id": "a1_1534", "status": "candidate", "georeferenced": true, "issues": ["Texto contido em mais de uma feição; vínculo ambíguo."]}, {"id": "a1_1535", "status": "candidate", "georeferenced": true, "issues": ["Texto contido em mais de uma feição; vínculo ambíguo."]}, {"id": "a1_1536", "status": "candidate", "georeferenced": true, "issues": ["Texto contido em mais de uma feição; vínculo ambíguo."]}, {"id": "a1_1537", "status": "candidate", "georeferenced": true, "issues": ["Texto contido em mais de uma feição; vínculo ambíguo."]}, {"id": "a1_1538", "status": "candidate", "georeferenced": true, "issues": ["Texto contido em mais de uma feição; vínculo ambíguo."]}, {"id": "a1_1539", "status": "candidate", "georeferenced": true, "issues": ["Texto contido em mais de uma feição; vínculo ambíguo."]}, {"id": "a1_1540", "status": "candidate", "georeferenced": true, "issues": []}, {"id": "a1_1541", "status": "candidate", "georeferenced": true, "issues": []}, {"id": "a1_1542", "status": "candidate", "georeferenced": true, "issues": ["Texto contido em mais de uma feição; vínculo ambíguo."]}, {"id": "a1_1543", "status": "candidate", "georeferenced": true, "issues": ["Texto contido em mais de uma feição; vínculo ambíguo."]}, {"id": "a1_1544", "status": "candidate", "georeferenced": true, "issues": ["Texto contido em mais de uma feição; vínculo ambíguo."]}, {"id": "a1_1545", "status": "candidate", "georeferenced": true, "issues": ["Texto contido em mais de uma feição; vínculo ambíguo."]}, {"id": "a1_1546", "status": "candidate", "georeferenced": true, "issues": []}, {"id": "a1_1547", "status": "candidate", "georeferenced": true, "issues": ["Texto contido em mais de uma feição; vínculo ambíguo."]}, {"id": "a1_1548", "status": "candidate", "georeferenced": true, "issues": ["Texto contido em mais de uma feição; vínculo ambíguo."]}, {"id": "a1_1549", "status": "candidate", "georeferenced": true, "issues": ["Texto contido em mais de uma feição; vínculo ambíguo."]}, {"id": "a1_1550", "status": "candidate", "georeferenced": true, "issues": ["Texto contido em mais de uma feição; vínculo ambíguo."]}, {"id": "a1_1551", "status": "candidate", "georeferenced": true, "issues": ["Texto contido em mais de uma feição; vínculo ambíguo."]}, {"id": "a1_1552", "status": "candidate", "georeferenced": true, "issues": ["Texto contido em mais de uma feição; vínculo ambíguo."]}, {"id": "a1_1553", "status": "candidate", "georeferenced": true, "issues": []}, {"id": "a1_1554", "status": "candidate", "georeferenced": true, "issues": []}, {"id": "a1_1555", "status": "candidate", "georeferenced": true, "issues": ["Texto contido em mais de uma feição; vínculo ambíguo."]}, {"id": "a1_1556", "status": "candidate", "georeferenced": true, "issues": []}, {"id": "a1_1557", "status": "candidate", "georeferenced": true, "issues": []}, {"id": "a1_1558", "status": "candidate", "georeferenced": true, "issues": ["Texto contido em mais de uma feição; vínculo ambíguo."]}, {"id": "a1_1559", "status": "candidate", "georeferenced": true, "issues": []}, {"id": "a1_1560", "status": "candidate", "georeferenced": true, "issues": ["Texto contido em mais de uma feição; vínculo ambíguo."]}, {"id": "a1_1561", "status": "candidate", "georeferenced": true, "issues": ["Texto contido em mais de uma feição; vínculo ambíguo."]}, {"id": "a1_1562", "status": "candidate", "georeferenced": true, "issues": ["Texto contido em mais de uma feição; vínculo ambíguo."]}, {"id": "a1_1563", "status": "candidate", "georeferenced": true, "issues": ["Texto contido em mais de uma feição; vínculo ambíguo."]}, {"id": "a1_1564", "status": "candidate", "georeferenced": true, "issues": ["Texto contido em mais de uma feição; vínculo ambíguo."]}, {"id": "a1_1565", "status": "candidate", "georeferenced": true, "issues": ["Texto contido em mais de uma feição; vínculo ambíguo."]}, {"id": "a1_1566", "status": "candidate", "georeferenced": true, "issues": []}, {"id": "a1_1567", "status": "candidate", "georeferenced": true, "issues": []}, {"id": "a1_1568", "status": "candidate", "georeferenced": true, "issues": ["Texto contido em mais de uma feição; vínculo ambíguo."]}, {"id": "a1_1569", "status": "candidate", "georeferenced": true, "issues": ["Texto contido em mais de uma feição; vínculo ambíguo."]}, {"id": "a1_1570", "status": "candidate", "georeferenced": true, "issues": ["Texto contido em mais de uma feição; vínculo ambíguo."]}, {"id": "a1_1571", "status": "candidate", "georeferenced": true, "issues": []}, {"id": "a1_1572", "status": "candidate", "georeferenced": true, "issues": []}, {"id": "a1_1573", "status": "candidate", "georeferenced": true, "issues": ["Texto contido em mais de uma feição; vínculo ambíguo."]}, {"id": "a1_1574", "status": "candidate", "georeferenced": true, "issues": ["Texto contido em mais de uma feição; vínculo ambíguo."]}, {"id": "a1_1575", "status": "candidate", "georeferenced": true, "issues": []}, {"id": "a1_1576", "status": "candidate", "georeferenced": true, "issues": ["Texto contido em mais de uma feição; vínculo ambíguo."]}, {"id": "a1_1577", "status": "candidate", "georeferenced": true, "issues": ["Texto contido em mais de uma feição; vínculo ambíguo."]}, {"id": "a1_1578", "status": "candidate", "georeferenced": true, "issues": []}, {"id": "a1_1579", "status": "candidate", "georeferenced": true, "issues": ["Texto contido em mais de uma feição; vínculo ambíguo."]}, {"id": "a1_1580", "status": "candidate", "georeferenced": true, "issues": ["Texto contido em mais de uma feição; vínculo ambíguo."]}, {"id": "a1_1581", "status": "candidate", "georeferenced": true, "issues": []}, {"id": "a1_1582", "status": "candidate", "georeferenced": true, "issues": ["Texto contido em mais de uma feição; vínculo ambíguo."]}, {"id": "a1_1583", "status": "candidate", "georeferenced": true, "issues": ["Texto contido em mais de uma feição; vínculo ambíguo."]}, {"id": "a1_1584", "status": "candidate", "georeferenced": true, "issues": ["Texto contido em mais de uma feição; vínculo ambíguo."]}, {"id": "a1_1585", "status": "candidate", "georeferenced": true, "issues": ["Texto contido em mais de uma feição; vínculo ambíguo."]}, {"id": "a1_1586", "status": "candidate", "georeferenced": true, "issues": []}, {"id": "a1_1587", "status": "candidate", "georeferenced": true, "issues": ["Texto contido em mais de uma feição; vínculo ambíguo."]}, {"id": "a1_1588", "status": "candidate", "georeferenced": true, "issues": []}, {"id": "a1_1589", "status": "candidate", "georeferenced": true, "issues": ["Texto contido em mais de uma feição; vínculo ambíguo."]}, {"id": "a1_1590", "status": "candidate", "georeferenced": true, "issues": []}, {"id": "a1_1591", "status": "candidate", "georeferenced": true, "issues": []}, {"id": "a1_1592", "status": "candidate", "georeferenced": true, "issues": ["Texto contido em mais de uma feição; vínculo ambíguo."]}, {"id": "a1_1593", "status": "candidate", "georeferenced": true, "issues": ["Texto contido em mais de uma feição; vínculo ambíguo."]}, {"id": "a1_1594", "status": "candidate", "georeferenced": true, "issues": []}, {"id": "a1_1595", "status": "candidate", "georeferenced": true, "issues": []}, {"id": "a1_1596", "status": "candidate", "georeferenced": true, "issues": ["Texto contido em mais de uma feição; vínculo ambíguo."]}, {"id": "a1_1597", "status": "candidate", "georeferenced": true, "issues": ["Texto contido em mais de uma feição; vínculo ambíguo."]}, {"id": "a1_1598", "status": "candidate", "georeferenced": true, "issues": ["Texto contido em mais de uma feição; vínculo ambíguo."]}, {"id": "a1_1599", "status": "candidate", "georeferenced": true, "issues": []}, {"id": "a1_1600", "status": "candidate", "georeferenced": true, "issues": []}, {"id": "a1_1601", "status": "candidate", "georeferenced": true, "issues": ["Texto contido em mais de uma feição; vínculo ambíguo."]}, {"id": "a1_1602", "status": "candidate", "georeferenced": true, "issues": ["Texto contido em mais de uma feição; vínculo ambíguo."]}, {"id": "a1_1603", "status": "candidate", "georeferenced": true, "issues": ["Texto contido em mais de uma feição; vínculo ambíguo."]}, {"id": "a1_1604", "status": "candidate", "georeferenced": true, "issues": ["Texto contido em mais de uma feição; vínculo ambíguo."]}, {"id": "a1_1605", "status": "candidate", "georeferenced": true, "issues": []}, {"id": "a1_1606", "status": "candidate", "georeferenced": true, "issues": ["Texto contido em mais de uma feição; vínculo ambíguo."]}, {"id": "a1_1607", "status": "candidate", "georeferenced": true, "issues": []}, {"id": "a1_1608", "status": "candidate", "georeferenced": true, "issues": ["Texto contido em mais de uma feição; vínculo ambíguo."]}, {"id": "a1_1609", "status": "candidate", "georeferenced": true, "issues": ["Texto contido em mais de uma feição; vínculo ambíguo."]}, {"id": "a1_1610", "status": "candidate", "georeferenced": true, "issues": ["Texto contido em mais de uma feição; vínculo ambíguo."]}, {"id": "a1_1611", "status": "candidate", "georeferenced": true, "issues": ["Texto contido em mais de uma feição; vínculo ambíguo."]}, {"id": "a1_1612", "status": "candidate", "georeferenced": true, "issues": []}, {"id": "a1_1613", "status": "candidate", "georeferenced": true, "issues": ["Texto contido em mais de uma feição; vínculo ambíguo."]}, {"id": "a1_1614", "status": "candidate", "georeferenced": true, "issues": []}, {"id": "a1_1615", "status": "candidate", "georeferenced": true, "issues": []}, {"id": "a1_1616", "status": "candidate", "georeferenced": true, "issues": []}, {"id": "a1_1617", "status": "candidate", "georeferenced": true, "issues": ["Texto contido em mais de uma feição; vínculo ambíguo."]}, {"id": "a1_1618", "status": "candidate", "georeferenced": true, "issues": ["Texto contido em mais de uma feição; vínculo ambíguo."]}, {"id": "a1_1619", "status": "candidate", "georeferenced": true, "issues": ["Texto contido em mais de uma feição; vínculo ambíguo."]}, {"id": "a1_1620", "status": "candidate", "georeferenced": true, "issues": ["Texto contido em mais de uma feição; vínculo ambíguo."]}, {"id": "a1_1621", "status": "candidate", "georeferenced": true, "issues": ["Texto contido em mais de uma feição; vínculo ambíguo."]}, {"id": "a1_1622", "status": "candidate", "georeferenced": true, "issues": []}, {"id": "a1_1623", "status": "candidate", "georeferenced": true, "issues": []}, {"id": "a1_1624", "status": "candidate", "georeferenced": true, "issues": ["Texto contido em mais de uma feição; vínculo ambíguo."]}, {"id": "a1_1625", "status": "candidate", "georeferenced": true, "issues": []}, {"id": "a1_1626", "status": "candidate", "georeferenced": true, "issues": ["Texto contido em mais de uma feição; vínculo ambíguo."]}, {"id": "a1_1627", "status": "candidate", "georeferenced": true, "issues": ["Texto contido em mais de uma feição; vínculo ambíguo."]}, {"id": "a1_1628", "status": "candidate", "georeferenced": true, "issues": ["Texto contido em mais de uma feição; vínculo ambíguo."]}, {"id": "a1_1629", "status": "candidate", "georeferenced": true, "issues": []}, {"id": "a1_1630", "status": "candidate", "georeferenced": true, "issues": ["Texto contido em mais de uma feição; vínculo ambíguo."]}, {"id": "a1_1631", "status": "candidate", "georeferenced": true, "issues": []}, {"id": "a1_1632", "status": "candidate", "georeferenced": true, "issues": []}, {"id": "a1_1633", "status": "candidate", "georeferenced": true, "issues": ["Texto contido em mais de uma feição; vínculo ambíguo."]}, {"id": "a1_1634", "status": "candidate", "georeferenced": true, "issues": ["Texto contido em mais de uma feição; vínculo ambíguo."]}, {"id": "a1_1635", "status": "candidate", "georeferenced": true, "issues": ["Texto contido em mais de uma feição; vínculo ambíguo."]}, {"id": "a1_1636", "status": "candidate", "georeferenced": true, "issues": ["Texto contido em mais de uma feição; vínculo ambíguo."]}, {"id": "a1_1637", "status": "candidate", "georeferenced": true, "issues": ["Texto contido em mais de uma feição; vínculo ambíguo."]}, {"id": "a1_1638", "status": "candidate", "georeferenced": true, "issues": ["Texto contido em mais de uma feição; vínculo ambíguo."]}, {"id": "a1_1639", "status": "candidate", "georeferenced": true, "issues": ["Texto contido em mais de uma feição; vínculo ambíguo."]}, {"id": "a1_1640", "status": "candidate", "georeferenced": true, "issues": ["Texto contido em mais de uma feição; vínculo ambíguo."]}, {"id": "a1_1641", "status": "candidate", "georeferenced": true, "issues": ["Texto contido em mais de uma feição; vínculo ambíguo."]}, {"id": "a1_1642", "status": "candidate", "georeferenced": true, "issues": []}, {"id": "a1_1643", "status": "candidate", "georeferenced": true, "issues": []}, {"id": "a1_1644", "status": "candidate", "georeferenced": true, "issues": []}, {"id": "a1_1645", "status": "candidate", "georeferenced": true, "issues": []}, {"id": "a1_1646", "status": "candidate", "georeferenced": true, "issues": ["Texto contido em mais de uma feição; vínculo ambíguo."]}, {"id": "a1_1647", "status": "candidate", "georeferenced": true, "issues": ["Texto contido em mais de uma feição; vínculo ambíguo."]}, {"id": "a1_1648", "status": "candidate", "georeferenced": true, "issues": ["Texto contido em mais de uma feição; vínculo ambíguo."]}, {"id": "a1_1649", "status": "candidate", "georeferenced": true, "issues": ["Texto contido em mais de uma feição; vínculo ambíguo."]}, {"id": "a1_1650", "status": "candidate", "georeferenced": true, "issues": ["Texto contido em mais de uma feição; vínculo ambíguo."]}, {"id": "a1_1651", "status": "candidate", "georeferenced": true, "issues": ["Texto contido em mais de uma feição; vínculo ambíguo."]}, {"id": "a1_1652", "status": "candidate", "georeferenced": true, "issues": ["Texto contido em mais de uma feição; vínculo ambíguo."]}, {"id": "a1_1653", "status": "candidate", "georeferenced": true, "issues": ["Texto contido em mais de uma feição; vínculo ambíguo."]}, {"id": "a1_1654", "status": "candidate", "georeferenced": true, "issues": []}, {"id": "a1_1655", "status": "candidate", "georeferenced": true, "issues": ["Texto contido em mais de uma feição; vínculo ambíguo."]}, {"id": "a1_1656", "status": "candidate", "georeferenced": true, "issues": ["Texto contido em mais de uma feição; vínculo ambíguo."]}, {"id": "a1_1657", "status": "candidate", "georeferenced": true, "issues": ["Texto contido em mais de uma feição; vínculo ambíguo."]}, {"id": "a1_1658", "status": "candidate", "georeferenced": true, "issues": ["Texto contido em mais de uma feição; vínculo ambíguo."]}, {"id": "a1_1659", "status": "candidate", "georeferenced": true, "issues": ["Texto contido em mais de uma feição; vínculo ambíguo."]}, {"id": "a1_1660", "status": "candidate", "georeferenced": true, "issues": ["Texto contido em mais de uma feição; vínculo ambíguo."]}, {"id": "a1_1661", "status": "candidate", "georeferenced": true, "issues": ["Texto contido em mais de uma feição; vínculo ambíguo."]}, {"id": "a1_1662", "status": "candidate", "georeferenced": true, "issues": ["Texto contido em mais de uma feição; vínculo ambíguo."]}, {"id": "a1_1663", "status": "candidate", "georeferenced": true, "issues": []}, {"id": "a1_1664", "status": "candidate", "georeferenced": true, "issues": []}, {"id": "a1_1665", "status": "candidate", "georeferenced": true, "issues": ["Texto contido em mais de uma feição; vínculo ambíguo."]}, {"id": "a1_1666", "status": "candidate", "georeferenced": true, "issues": []}, {"id": "a1_1667", "status": "candidate", "georeferenced": true, "issues": []}, {"id": "a1_1668", "status": "candidate", "georeferenced": true, "issues": []}, {"id": "a1_1669", "status": "candidate", "georeferenced": true, "issues": []}, {"id": "a1_1670", "status": "candidate", "georeferenced": true, "issues": ["Texto contido em mais de uma feição; vínculo ambíguo."]}, {"id": "a1_1671", "status": "candidate", "georeferenced": true, "issues": []}, {"id": "a1_1672", "status": "candidate", "georeferenced": true, "issues": ["Texto contido em mais de uma feição; vínculo ambíguo."]}, {"id": "a1_1673", "status": "candidate", "georeferenced": true, "issues": ["Texto contido em mais de uma feição; vínculo ambíguo."]}, {"id": "a1_1674", "status": "candidate", "georeferenced": true, "issues": []}, {"id": "a1_1675", "status": "candidate", "georeferenced": true, "issues": ["Texto contido em mais de uma feição; vínculo ambíguo."]}, {"id": "a1_1676", "status": "candidate", "georeferenced": true, "issues": []}, {"id": "a1_1677", "status": "candidate", "georeferenced": true, "issues": ["Texto contido em mais de uma feição; vínculo ambíguo."]}, {"id": "a1_1678", "status": "candidate", "georeferenced": true, "issues": []}, {"id": "a1_1679", "status": "candidate", "georeferenced": true, "issues": ["Texto contido em mais de uma feição; vínculo ambíguo."]}, {"id": "a1_1680", "status": "candidate", "georeferenced": true, "issues": ["Texto contido em mais de uma feição; vínculo ambíguo."]}, {"id": "a1_1681", "status": "candidate", "georeferenced": true, "issues": ["Texto contido em mais de uma feição; vínculo ambíguo."]}, {"id": "a1_1682", "status": "candidate", "georeferenced": true, "issues": []}, {"id": "a1_1683", "status": "candidate", "georeferenced": true, "issues": []}, {"id": "a1_1684", "status": "candidate", "georeferenced": true, "issues": []}, {"id": "a1_1685", "status": "candidate", "georeferenced": true, "issues": ["Texto contido em mais de uma feição; vínculo ambíguo."]}, {"id": "a1_1686", "status": "candidate", "georeferenced": true, "issues": ["Texto contido em mais de uma feição; vínculo ambíguo."]}, {"id": "a1_1687", "status": "candidate", "georeferenced": true, "issues": ["Texto contido em mais de uma feição; vínculo ambíguo."]}, {"id": "a1_1688", "status": "candidate", "georeferenced": true, "issues": ["Texto contido em mais de uma feição; vínculo ambíguo."]}, {"id": "a1_1689", "status": "candidate", "georeferenced": true, "issues": ["Texto contido em mais de uma feição; vínculo ambíguo."]}, {"id": "a1_1690", "status": "candidate", "georeferenced": true, "issues": ["Texto contido em mais de uma feição; vínculo ambíguo."]}, {"id": "a1_1691", "status": "candidate", "georeferenced": true, "issues": []}, {"id": "a1_1692", "status": "candidate", "georeferenced": true, "issues": ["Texto contido em mais de uma feição; vínculo ambíguo."]}, {"id": "a1_1693", "status": "candidate", "georeferenced": true, "issues": ["Texto contido em mais de uma feição; vínculo ambíguo."]}, {"id": "a1_1694", "status": "candidate", "georeferenced": true, "issues": ["Texto contido em mais de uma feição; vínculo ambíguo."]}, {"id": "a1_1695", "status": "candidate", "georeferenced": true, "issues": ["Texto contido em mais de uma feição; vínculo ambíguo."]}, {"id": "a1_1696", "status": "candidate", "georeferenced": true, "issues": ["Texto contido em mais de uma feição; vínculo ambíguo."]}, {"id": "a1_1697", "status": "candidate", "georeferenced": true, "issues": []}, {"id": "a1_1698", "status": "candidate", "georeferenced": true, "issues": []}, {"id": "a1_1699", "status": "candidate", "georeferenced": true, "issues": ["Texto contido em mais de uma feição; vínculo ambíguo."]}, {"id": "a1_1700", "status": "candidate", "georeferenced": true, "issues": []}, {"id": "a1_1701", "status": "candidate", "georeferenced": true, "issues": []}, {"id": "a1_1702", "status": "candidate", "georeferenced": true, "issues": ["Texto contido em mais de uma feição; vínculo ambíguo."]}, {"id": "a1_1703", "status": "candidate", "georeferenced": true, "issues": ["Texto contido em mais de uma feição; vínculo ambíguo."]}, {"id": "a1_1704", "status": "candidate", "georeferenced": true, "issues": []}, {"id": "a1_1705", "status": "candidate", "georeferenced": true, "issues": []}, {"id": "a1_1706", "status": "candidate", "georeferenced": true, "issues": ["Texto contido em mais de uma feição; vínculo ambíguo."]}, {"id": "a1_1707", "status": "candidate", "georeferenced": true, "issues": ["Texto contido em mais de uma feição; vínculo ambíguo."]}, {"id": "a1_1708", "status": "candidate", "georeferenced": true, "issues": []}, {"id": "a1_1709", "status": "candidate", "georeferenced": true, "issues": []}, {"id": "a1_1710", "status": "candidate", "georeferenced": true, "issues": ["Texto contido em mais de uma feição; vínculo ambíguo."]}, {"id": "a1_1711", "status": "candidate", "georeferenced": true, "issues": []}, {"id": "a1_1712", "status": "candidate", "georeferenced": true, "issues": ["Texto contido em mais de uma feição; vínculo ambíguo."]}, {"id": "a1_1713", "status": "candidate", "georeferenced": true, "issues": ["Texto contido em mais de uma feição; vínculo ambíguo."]}, {"id": "a1_1714", "status": "candidate", "georeferenced": true, "issues": []}, {"id": "a1_1715", "status": "candidate", "georeferenced": true, "issues": ["Texto contido em mais de uma feição; vínculo ambíguo."]}, {"id": "a1_1716", "status": "candidate", "georeferenced": true, "issues": ["Texto contido em mais de uma feição; vínculo ambíguo."]}, {"id": "a1_1717", "status": "candidate", "georeferenced": true, "issues": ["Texto contido em mais de uma feição; vínculo ambíguo."]}, {"id": "a1_1718", "status": "candidate", "georeferenced": true, "issues": ["Texto contido em mais de uma feição; vínculo ambíguo."]}, {"id": "a1_1719", "status": "candidate", "georeferenced": true, "issues": []}, {"id": "a1_1720", "status": "candidate", "georeferenced": true, "issues": []}, {"id": "a1_1721", "status": "candidate", "georeferenced": true, "issues": []}, {"id": "a1_1722", "status": "candidate", "georeferenced": true, "issues": ["Texto contido em mais de uma feição; vínculo ambíguo."]}, {"id": "a1_1723", "status": "candidate", "georeferenced": true, "issues": ["Texto contido em mais de uma feição; vínculo ambíguo."]}, {"id": "a1_1724", "status": "candidate", "georeferenced": true, "issues": []}, {"id": "a1_1725", "status": "candidate", "georeferenced": true, "issues": []}, {"id": "a1_1726", "status": "candidate", "georeferenced": true, "issues": ["Texto contido em mais de uma feição; vínculo ambíguo."]}, {"id": "a1_1727", "status": "candidate", "georeferenced": true, "issues": []}, {"id": "a1_1728", "status": "candidate", "georeferenced": true, "issues": ["Texto contido em mais de uma feição; vínculo ambíguo."]}, {"id": "a1_1729", "status": "candidate", "georeferenced": true, "issues": []}, {"id": "a1_1730", "status": "candidate", "georeferenced": true, "issues": ["Texto contido em mais de uma feição; vínculo ambíguo."]}, {"id": "a1_1731", "status": "candidate", "georeferenced": true, "issues": []}, {"id": "a1_1732", "status": "candidate", "georeferenced": true, "issues": []}, {"id": "a1_1733", "status": "candidate", "georeferenced": true, "issues": []}, {"id": "a1_1734", "status": "candidate", "georeferenced": true, "issues": []}, {"id": "a1_1735", "status": "candidate", "georeferenced": true, "issues": ["Texto contido em mais de uma feição; vínculo ambíguo."]}, {"id": "a1_1736", "status": "candidate", "georeferenced": true, "issues": ["Texto contido em mais de uma feição; vínculo ambíguo."]}, {"id": "a1_1737", "status": "candidate", "georeferenced": true, "issues": ["Texto contido em mais de uma feição; vínculo ambíguo."]}, {"id": "a1_1738", "status": "candidate", "georeferenced": true, "issues": []}, {"id": "a1_1739", "status": "candidate", "georeferenced": true, "issues": []}, {"id": "a1_1740", "status": "candidate", "georeferenced": true, "issues": ["Texto contido em mais de uma feição; vínculo ambíguo."]}, {"id": "a1_1741", "status": "candidate", "georeferenced": true, "issues": ["Texto contido em mais de uma feição; vínculo ambíguo."]}, {"id": "a1_1742", "status": "candidate", "georeferenced": true, "issues": ["Texto contido em mais de uma feição; vínculo ambíguo."]}, {"id": "a1_1743", "status": "candidate", "georeferenced": true, "issues": ["Texto contido em mais de uma feição; vínculo ambíguo."]}, {"id": "a1_1744", "status": "candidate", "georeferenced": true, "issues": []}, {"id": "a1_1745", "status": "candidate", "georeferenced": true, "issues": []}, {"id": "a1_1746", "status": "candidate", "georeferenced": true, "issues": ["Texto contido em mais de uma feição; vínculo ambíguo."]}, {"id": "a1_1747", "status": "candidate", "georeferenced": true, "issues": []}, {"id": "a1_1748", "status": "candidate", "georeferenced": true, "issues": []}, {"id": "a1_1749", "status": "candidate", "georeferenced": true, "issues": []}, {"id": "a1_1750", "status": "candidate", "georeferenced": true, "issues": ["Texto contido em mais de uma feição; vínculo ambíguo."]}, {"id": "a1_1751", "status": "candidate", "georeferenced": true, "issues": []}, {"id": "a1_1752", "status": "candidate", "georeferenced": true, "issues": ["Texto contido em mais de uma feição; vínculo ambíguo."]}, {"id": "a1_1753", "status": "candidate", "georeferenced": true, "issues": []}, {"id": "a1_1754", "status": "candidate", "georeferenced": true, "issues": []}, {"id": "a1_1755", "status": "candidate", "georeferenced": true, "issues": []}, {"id": "a1_1756", "status": "candidate", "georeferenced": true, "issues": []}, {"id": "a1_1757", "status": "candidate", "georeferenced": true, "issues": ["Texto contido em mais de uma feição; vínculo ambíguo."]}, {"id": "a1_1758", "status": "candidate", "georeferenced": true, "issues": ["Texto contido em mais de uma feição; vínculo ambíguo."]}, {"id": "a1_1759", "status": "candidate", "georeferenced": true, "issues": []}, {"id": "a1_1760", "status": "candidate", "georeferenced": true, "issues": ["Texto contido em mais de uma feição; vínculo ambíguo."]}, {"id": "a1_1761", "status": "candidate", "georeferenced": true, "issues": ["Texto contido em mais de uma feição; vínculo ambíguo."]}, {"id": "a1_1762", "status": "candidate", "georeferenced": true, "issues": []}, {"id": "a1_1763", "status": "candidate", "georeferenced": true, "issues": ["Texto contido em mais de uma feição; vínculo ambíguo."]}, {"id": "a1_1764", "status": "candidate", "georeferenced": true, "issues": []}, {"id": "a1_1765", "status": "candidate", "georeferenced": true, "issues": ["Texto contido em mais de uma feição; vínculo ambíguo."]}, {"id": "a1_1766", "status": "candidate", "georeferenced": true, "issues": []}, {"id": "a1_1767", "status": "candidate", "georeferenced": true, "issues": ["Texto contido em mais de uma feição; vínculo ambíguo."]}, {"id": "a1_1768", "status": "candidate", "georeferenced": true, "issues": []}, {"id": "a1_1769", "status": "candidate", "georeferenced": true, "issues": ["Texto contido em mais de uma feição; vínculo ambíguo."]}, {"id": "a1_1770", "status": "candidate", "georeferenced": true, "issues": []}, {"id": "a1_1771", "status": "candidate", "georeferenced": true, "issues": ["Texto contido em mais de uma feição; vínculo ambíguo."]}, {"id": "a1_1772", "status": "candidate", "georeferenced": true, "issues": ["Texto contido em mais de uma feição; vínculo ambíguo."]}, {"id": "a1_1773", "status": "candidate", "georeferenced": true, "issues": []}, {"id": "a1_1774", "status": "candidate", "georeferenced": true, "issues": []}, {"id": "a1_1775", "status": "candidate", "georeferenced": true, "issues": ["Texto contido em mais de uma feição; vínculo ambíguo."]}, {"id": "a1_1776", "status": "candidate", "georeferenced": true, "issues": ["Texto contido em mais de uma feição; vínculo ambíguo."]}, {"id": "a1_1777", "status": "candidate", "georeferenced": true, "issues": ["Texto contido em mais de uma feição; vínculo ambíguo."]}, {"id": "a1_1778", "status": "candidate", "georeferenced": true, "issues": ["Texto contido em mais de uma feição; vínculo ambíguo."]}, {"id": "a1_1779", "status": "candidate", "georeferenced": true, "issues": []}, {"id": "a1_1780", "status": "candidate", "georeferenced": true, "issues": []}, {"id": "a1_1781", "status": "candidate", "georeferenced": true, "issues": ["Texto contido em mais de uma feição; vínculo ambíguo."]}, {"id": "a1_1782", "status": "candidate", "georeferenced": true, "issues": ["Texto contido em mais de uma feição; vínculo ambíguo."]}, {"id": "a1_1783", "status": "candidate", "georeferenced": true, "issues": []}, {"id": "a1_1784", "status": "candidate", "georeferenced": true, "issues": ["Texto contido em mais de uma feição; vínculo ambíguo."]}, {"id": "a1_1785", "status": "candidate", "georeferenced": true, "issues": ["Texto contido em mais de uma feição; vínculo ambíguo."]}, {"id": "a1_1786", "status": "candidate", "georeferenced": true, "issues": ["Texto contido em mais de uma feição; vínculo ambíguo."]}, {"id": "a1_1787", "status": "candidate", "georeferenced": true, "issues": []}, {"id": "a1_1788", "status": "candidate", "georeferenced": true, "issues": []}, {"id": "a1_1789", "status": "candidate", "georeferenced": true, "issues": []}, {"id": "a1_1790", "status": "candidate", "georeferenced": true, "issues": ["Texto contido em mais de uma feição; vínculo ambíguo."]}, {"id": "a1_1791", "status": "candidate", "georeferenced": true, "issues": []}, {"id": "a1_1792", "status": "candidate", "georeferenced": true, "issues": ["Texto contido em mais de uma feição; vínculo ambíguo."]}, {"id": "a1_1793", "status": "candidate", "georeferenced": true, "issues": []}, {"id": "a1_1794", "status": "candidate", "georeferenced": true, "issues": ["Texto contido em mais de uma feição; vínculo ambíguo."]}, {"id": "a1_1795", "status": "candidate", "georeferenced": true, "issues": []}, {"id": "a1_1796", "status": "candidate", "georeferenced": true, "issues": []}, {"id": "a1_1797", "status": "candidate", "georeferenced": true, "issues": []}, {"id": "a1_1798", "status": "candidate", "georeferenced": true, "issues": []}, {"id": "a1_1799", "status": "candidate", "georeferenced": true, "issues": []}, {"id": "a1_1800", "status": "candidate", "georeferenced": true, "issues": ["Texto contido em mais de uma feição; vínculo ambíguo."]}, {"id": "a1_1801", "status": "candidate", "georeferenced": true, "issues": ["Texto contido em mais de uma feição; vínculo ambíguo."]}, {"id": "a1_1802", "status": "candidate", "georeferenced": true, "issues": ["Texto contido em mais de uma feição; vínculo ambíguo."]}, {"id": "a1_1803", "status": "candidate", "georeferenced": true, "issues": []}, {"id": "a1_1804", "status": "candidate", "georeferenced": true, "issues": []}, {"id": "a1_1805", "status": "candidate", "georeferenced": true, "issues": ["Texto contido em mais de uma feição; vínculo ambíguo."]}, {"id": "a1_1806", "status": "candidate", "georeferenced": true, "issues": []}, {"id": "a1_1807", "status": "candidate", "georeferenced": true, "issues": ["Texto contido em mais de uma feição; vínculo ambíguo."]}, {"id": "a1_1808", "status": "candidate", "georeferenced": true, "issues": ["Texto contido em mais de uma feição; vínculo ambíguo."]}, {"id": "a1_1809", "status": "candidate", "georeferenced": true, "issues": ["Texto contido em mais de uma feição; vínculo ambíguo."]}, {"id": "a1_1810", "status": "candidate", "georeferenced": true, "issues": ["Texto contido em mais de uma feição; vínculo ambíguo."]}, {"id": "a1_1811", "status": "candidate", "georeferenced": true, "issues": []}, {"id": "a1_1812", "status": "candidate", "georeferenced": true, "issues": ["Texto contido em mais de uma feição; vínculo ambíguo."]}, {"id": "a1_1813", "status": "candidate", "georeferenced": true, "issues": ["Texto contido em mais de uma feição; vínculo ambíguo."]}, {"id": "a1_1814", "status": "candidate", "georeferenced": true, "issues": ["Texto contido em mais de uma feição; vínculo ambíguo."]}, {"id": "a1_1815", "status": "candidate", "georeferenced": true, "issues": ["Texto contido em mais de uma feição; vínculo ambíguo."]}, {"id": "a1_1816", "status": "candidate", "georeferenced": true, "issues": ["Texto contido em mais de uma feição; vínculo ambíguo."]}, {"id": "a1_1817", "status": "candidate", "georeferenced": true, "issues": ["Texto contido em mais de uma feição; vínculo ambíguo."]}, {"id": "a1_1818", "status": "candidate", "georeferenced": true, "issues": ["Texto contido em mais de uma feição; vínculo ambíguo."]}, {"id": "a1_1819", "status": "candidate", "georeferenced": true, "issues": ["Texto contido em mais de uma feição; vínculo ambíguo."]}, {"id": "a1_1820", "status": "candidate", "georeferenced": true, "issues": []}, {"id": "a1_1821", "status": "candidate", "georeferenced": true, "issues": ["Texto contido em mais de uma feição; vínculo ambíguo."]}, {"id": "a1_1822", "status": "candidate", "georeferenced": true, "issues": []}, {"id": "a1_1823", "status": "candidate", "georeferenced": true, "issues": ["Texto contido em mais de uma feição; vínculo ambíguo."]}, {"id": "a1_1824", "status": "candidate", "georeferenced": true, "issues": ["Texto contido em mais de uma feição; vínculo ambíguo."]}, {"id": "a1_1825", "status": "candidate", "georeferenced": true, "issues": ["Texto contido em mais de uma feição; vínculo ambíguo."]}, {"id": "a1_1826", "status": "candidate", "georeferenced": true, "issues": ["Texto contido em mais de uma feição; vínculo ambíguo."]}, {"id": "a1_1827", "status": "candidate", "georeferenced": true, "issues": []}, {"id": "a1_1828", "status": "candidate", "georeferenced": true, "issues": ["Texto contido em mais de uma feição; vínculo ambíguo."]}, {"id": "a1_1829", "status": "candidate", "georeferenced": true, "issues": ["Texto contido em mais de uma feição; vínculo ambíguo."]}, {"id": "a1_1830", "status": "candidate", "georeferenced": true, "issues": ["Texto contido em mais de uma feição; vínculo ambíguo."]}, {"id": "a1_1831", "status": "candidate", "georeferenced": true, "issues": ["Texto contido em mais de uma feição; vínculo ambíguo."]}, {"id": "a1_1832", "status": "candidate", "georeferenced": true, "issues": []}, {"id": "a1_1833", "status": "candidate", "georeferenced": true, "issues": ["Texto contido em mais de uma feição; vínculo ambíguo."]}, {"id": "a1_1834", "status": "candidate", "georeferenced": true, "issues": []}, {"id": "a1_1835", "status": "candidate", "georeferenced": true, "issues": ["Texto contido em mais de uma feição; vínculo ambíguo."]}, {"id": "a1_1836", "status": "candidate", "georeferenced": true, "issues": []}, {"id": "a1_1837", "status": "candidate", "georeferenced": true, "issues": ["Texto contido em mais de uma feição; vínculo ambíguo."]}, {"id": "a1_1838", "status": "candidate", "georeferenced": true, "issues": []}, {"id": "a1_1839", "status": "candidate", "georeferenced": true, "issues": ["Texto contido em mais de uma feição; vínculo ambíguo."]}, {"id": "a1_1840", "status": "candidate", "georeferenced": true, "issues": []}, {"id": "a1_1841", "status": "candidate", "georeferenced": true, "issues": ["Texto contido em mais de uma feição; vínculo ambíguo."]}, {"id": "a1_1842", "status": "candidate", "georeferenced": true, "issues": ["Texto contido em mais de uma feição; vínculo ambíguo."]}, {"id": "a1_1843", "status": "candidate", "georeferenced": true, "issues": []}, {"id": "a1_1844", "status": "candidate", "georeferenced": true, "issues": ["Texto contido em mais de uma feição; vínculo ambíguo."]}, {"id": "a1_1845", "status": "candidate", "georeferenced": true, "issues": ["Texto contido em mais de uma feição; vínculo ambíguo."]}, {"id": "a1_1846", "status": "candidate", "georeferenced": true, "issues": ["Texto contido em mais de uma feição; vínculo ambíguo."]}, {"id": "a1_1847", "status": "candidate", "georeferenced": true, "issues": []}, {"id": "a1_1848", "status": "candidate", "georeferenced": true, "issues": ["Texto contido em mais de uma feição; vínculo ambíguo."]}, {"id": "a1_1849", "status": "candidate", "georeferenced": true, "issues": ["Texto contido em mais de uma feição; vínculo ambíguo."]}, {"id": "a1_1850", "status": "candidate", "georeferenced": true, "issues": []}, {"id": "a1_1851", "status": "candidate", "georeferenced": true, "issues": []}, {"id": "a1_1852", "status": "candidate", "georeferenced": true, "issues": []}, {"id": "a1_1853", "status": "candidate", "georeferenced": true, "issues": []}, {"id": "a1_1854", "status": "candidate", "georeferenced": true, "issues": ["Texto contido em mais de uma feição; vínculo ambíguo."]}, {"id": "a1_1855", "status": "candidate", "georeferenced": true, "issues": ["Texto contido em mais de uma feição; vínculo ambíguo."]}, {"id": "a1_1856", "status": "candidate", "georeferenced": true, "issues": []}, {"id": "a1_1857", "status": "candidate", "georeferenced": true, "issues": ["Texto contido em mais de uma feição; vínculo ambíguo."]}, {"id": "a1_1858", "status": "candidate", "georeferenced": true, "issues": ["Texto contido em mais de uma feição; vínculo ambíguo."]}, {"id": "a1_1859", "status": "candidate", "georeferenced": true, "issues": ["Texto contido em mais de uma feição; vínculo ambíguo."]}, {"id": "a1_1860", "status": "candidate", "georeferenced": true, "issues": ["Texto contido em mais de uma feição; vínculo ambíguo."]}, {"id": "a1_1861", "status": "candidate", "georeferenced": true, "issues": ["Texto contido em mais de uma feição; vínculo ambíguo."]}, {"id": "a1_1862", "status": "candidate", "georeferenced": true, "issues": ["Texto contido em mais de uma feição; vínculo ambíguo."]}, {"id": "a1_1863", "status": "candidate", "georeferenced": true, "issues": ["Texto contido em mais de uma feição; vínculo ambíguo."]}, {"id": "a1_1864", "status": "candidate", "georeferenced": true, "issues": ["Texto contido em mais de uma feição; vínculo ambíguo."]}, {"id": "a1_1865", "status": "candidate", "georeferenced": true, "issues": ["Texto contido em mais de uma feição; vínculo ambíguo."]}, {"id": "a1_1866", "status": "candidate", "georeferenced": true, "issues": []}, {"id": "a1_1867", "status": "candidate", "georeferenced": true, "issues": []}, {"id": "a1_1868", "status": "candidate", "georeferenced": true, "issues": ["Texto contido em mais de uma feição; vínculo ambíguo."]}, {"id": "a1_1869", "status": "candidate", "georeferenced": true, "issues": []}, {"id": "a1_1870", "status": "candidate", "georeferenced": true, "issues": ["Texto contido em mais de uma feição; vínculo ambíguo."]}, {"id": "a1_1871", "status": "candidate", "georeferenced": true, "issues": []}, {"id": "a1_1872", "status": "candidate", "georeferenced": true, "issues": []}, {"id": "a1_1873", "status": "candidate", "georeferenced": true, "issues": ["Texto contido em mais de uma feição; vínculo ambíguo."]}, {"id": "a1_1874", "status": "candidate", "georeferenced": true, "issues": []}, {"id": "a1_1875", "status": "candidate", "georeferenced": true, "issues": ["Texto contido em mais de uma feição; vínculo ambíguo."]}, {"id": "a1_1876", "status": "candidate", "georeferenced": true, "issues": []}, {"id": "a1_1877", "status": "candidate", "georeferenced": true, "issues": ["Texto contido em mais de uma feição; vínculo ambíguo."]}, {"id": "a1_1878", "status": "candidate", "georeferenced": true, "issues": []}, {"id": "a1_1879", "status": "candidate", "georeferenced": true, "issues": ["Texto contido em mais de uma feição; vínculo ambíguo."]}, {"id": "a1_1880", "status": "candidate", "georeferenced": true, "issues": ["Texto contido em mais de uma feição; vínculo ambíguo."]}, {"id": "a1_1881", "status": "candidate", "georeferenced": true, "issues": ["Texto contido em mais de uma feição; vínculo ambíguo."]}, {"id": "a1_1882", "status": "candidate", "georeferenced": true, "issues": ["Texto contido em mais de uma feição; vínculo ambíguo."]}, {"id": "a1_1883", "status": "candidate", "georeferenced": true, "issues": []}, {"id": "a1_1884", "status": "candidate", "georeferenced": true, "issues": ["Texto contido em mais de uma feição; vínculo ambíguo."]}, {"id": "a1_1885", "status": "candidate", "georeferenced": true, "issues": ["Texto contido em mais de uma feição; vínculo ambíguo."]}, {"id": "a1_1886", "status": "candidate", "georeferenced": true, "issues": ["Texto contido em mais de uma feição; vínculo ambíguo."]}, {"id": "a1_1887", "status": "candidate", "georeferenced": true, "issues": ["Texto contido em mais de uma feição; vínculo ambíguo."]}, {"id": "a1_1888", "status": "candidate", "georeferenced": true, "issues": ["Texto contido em mais de uma feição; vínculo ambíguo."]}, {"id": "a1_1889", "status": "candidate", "georeferenced": true, "issues": []}, {"id": "a1_1890", "status": "candidate", "georeferenced": true, "issues": ["Texto contido em mais de uma feição; vínculo ambíguo."]}, {"id": "a1_1891", "status": "candidate", "georeferenced": true, "issues": ["Texto contido em mais de uma feição; vínculo ambíguo."]}, {"id": "a1_1892", "status": "candidate", "georeferenced": true, "issues": ["Texto contido em mais de uma feição; vínculo ambíguo."]}, {"id": "a1_1893", "status": "candidate", "georeferenced": true, "issues": []}, {"id": "a1_1894", "status": "candidate", "georeferenced": true, "issues": ["Texto contido em mais de uma feição; vínculo ambíguo."]}, {"id": "a1_1895", "status": "candidate", "georeferenced": true, "issues": ["Texto contido em mais de uma feição; vínculo ambíguo."]}, {"id": "a1_1896", "status": "candidate", "georeferenced": true, "issues": []}, {"id": "a1_1897", "status": "candidate", "georeferenced": true, "issues": ["Texto contido em mais de uma feição; vínculo ambíguo."]}, {"id": "a1_1898", "status": "candidate", "georeferenced": true, "issues": ["Texto contido em mais de uma feição; vínculo ambíguo."]}, {"id": "a1_1899", "status": "candidate", "georeferenced": true, "issues": ["Texto contido em mais de uma feição; vínculo ambíguo."]}, {"id": "a1_1900", "status": "candidate", "georeferenced": true, "issues": []}, {"id": "a1_1901", "status": "candidate", "georeferenced": true, "issues": ["Texto contido em mais de uma feição; vínculo ambíguo."]}, {"id": "a1_1902", "status": "candidate", "georeferenced": true, "issues": []}, {"id": "a1_1903", "status": "candidate", "georeferenced": true, "issues": []}, {"id": "a1_1904", "status": "candidate", "georeferenced": true, "issues": ["Texto contido em mais de uma feição; vínculo ambíguo."]}, {"id": "a1_1905", "status": "candidate", "georeferenced": true, "issues": ["Texto contido em mais de uma feição; vínculo ambíguo."]}, {"id": "a1_1906", "status": "candidate", "georeferenced": true, "issues": ["Texto contido em mais de uma feição; vínculo ambíguo."]}, {"id": "a1_1907", "status": "candidate", "georeferenced": true, "issues": ["Texto contido em mais de uma feição; vínculo ambíguo."]}, {"id": "a1_1908", "status": "candidate", "georeferenced": true, "issues": []}, {"id": "a1_1909", "status": "candidate", "georeferenced": true, "issues": []}, {"id": "a1_1910", "status": "candidate", "georeferenced": true, "issues": ["Texto contido em mais de uma feição; vínculo ambíguo."]}, {"id": "a1_1911", "status": "candidate", "georeferenced": true, "issues": ["Texto contido em mais de uma feição; vínculo ambíguo."]}, {"id": "a1_1912", "status": "candidate", "georeferenced": true, "issues": []}, {"id": "a1_1913", "status": "candidate", "georeferenced": true, "issues": ["Texto contido em mais de uma feição; vínculo ambíguo."]}, {"id": "a1_1914", "status": "candidate", "georeferenced": true, "issues": ["Texto contido em mais de uma feição; vínculo ambíguo."]}, {"id": "a1_1915", "status": "candidate", "georeferenced": true, "issues": []}, {"id": "a1_1916", "status": "candidate", "georeferenced": true, "issues": ["Texto contido em mais de uma feição; vínculo ambíguo."]}, {"id": "a1_1917", "status": "candidate", "georeferenced": true, "issues": ["Texto contido em mais de uma feição; vínculo ambíguo."]}, {"id": "a1_1918", "status": "candidate", "georeferenced": true, "issues": ["Texto contido em mais de uma feição; vínculo ambíguo."]}, {"id": "a1_1919", "status": "candidate", "georeferenced": true, "issues": ["Texto contido em mais de uma feição; vínculo ambíguo."]}, {"id": "a1_1920", "status": "candidate", "georeferenced": true, "issues": ["Texto contido em mais de uma feição; vínculo ambíguo."]}, {"id": "a1_1921", "status": "candidate", "georeferenced": true, "issues": []}, {"id": "a1_1922", "status": "candidate", "georeferenced": true, "issues": []}, {"id": "a1_1923", "status": "candidate", "georeferenced": true, "issues": ["Texto contido em mais de uma feição; vínculo ambíguo."]}, {"id": "a1_1924", "status": "candidate", "georeferenced": true, "issues": ["Texto contido em mais de uma feição; vínculo ambíguo."]}, {"id": "a1_1925", "status": "candidate", "georeferenced": true, "issues": []}, {"id": "a1_1926", "status": "candidate", "georeferenced": true, "issues": ["Texto contido em mais de uma feição; vínculo ambíguo."]}, {"id": "a1_1927", "status": "candidate", "georeferenced": true, "issues": ["Texto contido em mais de uma feição; vínculo ambíguo."]}, {"id": "a1_1928", "status": "candidate", "georeferenced": true, "issues": ["Texto contido em mais de uma feição; vínculo ambíguo."]}, {"id": "a1_1929", "status": "candidate", "georeferenced": true, "issues": ["Texto contido em mais de uma feição; vínculo ambíguo."]}, {"id": "a1_1930", "status": "candidate", "georeferenced": true, "issues": ["Texto contido em mais de uma feição; vínculo ambíguo."]}, {"id": "a1_1931", "status": "candidate", "georeferenced": true, "issues": ["Texto contido em mais de uma feição; vínculo ambíguo."]}, {"id": "a1_1932", "status": "candidate", "georeferenced": true, "issues": []}, {"id": "a1_1933", "status": "candidate", "georeferenced": true, "issues": ["Texto contido em mais de uma feição; vínculo ambíguo."]}, {"id": "a1_1934", "status": "candidate", "georeferenced": true, "issues": ["Texto contido em mais de uma feição; vínculo ambíguo."]}, {"id": "a1_1935", "status": "candidate", "georeferenced": true, "issues": []}, {"id": "a1_1936", "status": "candidate", "georeferenced": true, "issues": []}, {"id": "a1_1937", "status": "candidate", "georeferenced": true, "issues": ["Texto contido em mais de uma feição; vínculo ambíguo."]}, {"id": "a1_1938", "status": "candidate", "georeferenced": true, "issues": ["Texto contido em mais de uma feição; vínculo ambíguo."]}, {"id": "a1_1939", "status": "candidate", "georeferenced": true, "issues": ["Texto contido em mais de uma feição; vínculo ambíguo."]}, {"id": "a1_1940", "status": "candidate", "georeferenced": true, "issues": ["Texto contido em mais de uma feição; vínculo ambíguo."]}, {"id": "a1_1941", "status": "candidate", "georeferenced": true, "issues": ["Texto contido em mais de uma feição; vínculo ambíguo."]}, {"id": "a1_1942", "status": "candidate", "georeferenced": true, "issues": ["Texto contido em mais de uma feição; vínculo ambíguo."]}, {"id": "a1_1943", "status": "candidate", "georeferenced": true, "issues": ["Texto contido em mais de uma feição; vínculo ambíguo."]}, {"id": "a1_1944", "status": "candidate", "georeferenced": true, "issues": ["Texto contido em mais de uma feição; vínculo ambíguo."]}, {"id": "a1_1945", "status": "candidate", "georeferenced": true, "issues": ["Texto contido em mais de uma feição; vínculo ambíguo."]}, {"id": "a1_1946", "status": "candidate", "georeferenced": true, "issues": ["Texto contido em mais de uma feição; vínculo ambíguo."]}, {"id": "a1_1947", "status": "candidate", "georeferenced": true, "issues": ["Texto contido em mais de uma feição; vínculo ambíguo."]}, {"id": "a1_1948", "status": "candidate", "georeferenced": true, "issues": []}, {"id": "a1_1949", "status": "candidate", "georeferenced": true, "issues": ["Texto contido em mais de uma feição; vínculo ambíguo."]}, {"id": "a1_1950", "status": "candidate", "georeferenced": true, "issues": ["Texto contido em mais de uma feição; vínculo ambíguo."]}, {"id": "a1_1951", "status": "candidate", "georeferenced": true, "issues": ["Texto contido em mais de uma feição; vínculo ambíguo."]}, {"id": "a1_1952", "status": "candidate", "georeferenced": true, "issues": []}, {"id": "a1_1953", "status": "candidate", "georeferenced": true, "issues": ["Texto contido em mais de uma feição; vínculo ambíguo."]}, {"id": "a1_1954", "status": "candidate", "georeferenced": true, "issues": []}, {"id": "a1_1955", "status": "candidate", "georeferenced": true, "issues": ["Texto contido em mais de uma feição; vínculo ambíguo."]}, {"id": "a1_1956", "status": "candidate", "georeferenced": true, "issues": ["Texto contido em mais de uma feição; vínculo ambíguo."]}, {"id": "a1_1957", "status": "candidate", "georeferenced": true, "issues": ["Texto contido em mais de uma feição; vínculo ambíguo."]}, {"id": "a1_1958", "status": "candidate", "georeferenced": true, "issues": []}, {"id": "a1_1959", "status": "candidate", "georeferenced": true, "issues": ["Texto contido em mais de uma feição; vínculo ambíguo."]}, {"id": "a1_1960", "status": "candidate", "georeferenced": true, "issues": []}, {"id": "a1_1961", "status": "candidate", "georeferenced": true, "issues": ["Texto contido em mais de uma feição; vínculo ambíguo."]}, {"id": "a1_1962", "status": "candidate", "georeferenced": true, "issues": []}, {"id": "a1_1963", "status": "candidate", "georeferenced": true, "issues": ["Texto contido em mais de uma feição; vínculo ambíguo."]}, {"id": "a1_1964", "status": "candidate", "georeferenced": true, "issues": ["Texto contido em mais de uma feição; vínculo ambíguo."]}, {"id": "a1_1965", "status": "candidate", "georeferenced": true, "issues": ["Texto contido em mais de uma feição; vínculo ambíguo."]}, {"id": "a1_1966", "status": "candidate", "georeferenced": true, "issues": ["Texto contido em mais de uma feição; vínculo ambíguo."]}, {"id": "a1_1967", "status": "candidate", "georeferenced": true, "issues": ["Texto contido em mais de uma feição; vínculo ambíguo."]}, {"id": "a1_1968", "status": "candidate", "georeferenced": true, "issues": ["Texto contido em mais de uma feição; vínculo ambíguo."]}, {"id": "a1_1969", "status": "candidate", "georeferenced": true, "issues": ["Texto contido em mais de uma feição; vínculo ambíguo."]}, {"id": "a1_1970", "status": "candidate", "georeferenced": true, "issues": ["Texto contido em mais de uma feição; vínculo ambíguo."]}, {"id": "a1_1971", "status": "candidate", "georeferenced": true, "issues": ["Texto contido em mais de uma feição; vínculo ambíguo."]}, {"id": "a1_1972", "status": "candidate", "georeferenced": true, "issues": []}, {"id": "a1_1973", "status": "candidate", "georeferenced": true, "issues": ["Texto contido em mais de uma feição; vínculo ambíguo."]}, {"id": "a1_1974", "status": "candidate", "georeferenced": true, "issues": ["Texto contido em mais de uma feição; vínculo ambíguo."]}, {"id": "a1_1975", "status": "candidate", "georeferenced": true, "issues": []}, {"id": "a1_1976", "status": "candidate", "georeferenced": true, "issues": ["Texto contido em mais de uma feição; vínculo ambíguo."]}, {"id": "a1_1977", "status": "candidate", "georeferenced": true, "issues": []}, {"id": "a1_1978", "status": "candidate", "georeferenced": true, "issues": ["Texto contido em mais de uma feição; vínculo ambíguo."]}, {"id": "a1_1979", "status": "candidate", "georeferenced": true, "issues": ["Texto contido em mais de uma feição; vínculo ambíguo."]}, {"id": "a1_1980", "status": "candidate", "georeferenced": true, "issues": ["Texto contido em mais de uma feição; vínculo ambíguo."]}, {"id": "a1_1981", "status": "candidate", "georeferenced": true, "issues": ["Texto contido em mais de uma feição; vínculo ambíguo."]}, {"id": "a1_1982", "status": "candidate", "georeferenced": true, "issues": ["Texto contido em mais de uma feição; vínculo ambíguo."]}, {"id": "a1_1983", "status": "candidate", "georeferenced": true, "issues": []}, {"id": "a1_1984", "status": "candidate", "georeferenced": true, "issues": ["Texto contido em mais de uma feição; vínculo ambíguo."]}, {"id": "a1_1985", "status": "candidate", "georeferenced": true, "issues": ["Texto contido em mais de uma feição; vínculo ambíguo."]}, {"id": "a1_1986", "status": "candidate", "georeferenced": true, "issues": ["Texto contido em mais de uma feição; vínculo ambíguo."]}, {"id": "a1_1987", "status": "candidate", "georeferenced": true, "issues": ["Texto contido em mais de uma feição; vínculo ambíguo."]}, {"id": "a1_1988", "status": "candidate", "georeferenced": true, "issues": ["Texto contido em mais de uma feição; vínculo ambíguo."]}, {"id": "a1_1989", "status": "candidate", "georeferenced": true, "issues": []}, {"id": "a1_1990", "status": "candidate", "georeferenced": true, "issues": ["Texto contido em mais de uma feição; vínculo ambíguo."]}, {"id": "a1_1991", "status": "candidate", "georeferenced": true, "issues": ["Texto contido em mais de uma feição; vínculo ambíguo."]}, {"id": "a1_1992", "status": "candidate", "georeferenced": true, "issues": ["Texto contido em mais de uma feição; vínculo ambíguo."]}, {"id": "a1_1993", "status": "candidate", "georeferenced": true, "issues": []}, {"id": "a1_1994", "status": "candidate", "georeferenced": true, "issues": ["Texto contido em mais de uma feição; vínculo ambíguo."]}, {"id": "a1_1995", "status": "candidate", "georeferenced": true, "issues": []}, {"id": "a1_1996", "status": "candidate", "georeferenced": true, "issues": ["Texto contido em mais de uma feição; vínculo ambíguo."]}, {"id": "a1_1997", "status": "candidate", "georeferenced": true, "issues": ["Texto contido em mais de uma feição; vínculo ambíguo."]}, {"id": "a1_1998", "status": "candidate", "georeferenced": true, "issues": []}, {"id": "a1_1999", "status": "candidate", "georeferenced": true, "issues": []}, {"id": "a1_2000", "status": "candidate", "georeferenced": true, "issues": ["Texto contido em mais de uma feição; vínculo ambíguo."]}, {"id": "a1_2001", "status": "candidate", "georeferenced": true, "issues": ["Texto contido em mais de uma feição; vínculo ambíguo."]}, {"id": "a1_2002", "status": "candidate", "georeferenced": true, "issues": ["Texto contido em mais de uma feição; vínculo ambíguo."]}, {"id": "a1_2003", "status": "candidate", "georeferenced": true, "issues": ["Texto contido em mais de uma feição; vínculo ambíguo."]}, {"id": "a1_2004", "status": "candidate", "georeferenced": true, "issues": ["Texto contido em mais de uma feição; vínculo ambíguo."]}, {"id": "a1_2005", "status": "candidate", "georeferenced": true, "issues": ["Texto contido em mais de uma feição; vínculo ambíguo."]}, {"id": "a1_2006", "status": "candidate", "georeferenced": true, "issues": ["Texto contido em mais de uma feição; vínculo ambíguo."]}, {"id": "a1_2007", "status": "candidate", "georeferenced": true, "issues": []}, {"id": "a1_2008", "status": "candidate", "georeferenced": true, "issues": ["Texto contido em mais de uma feição; vínculo ambíguo."]}, {"id": "a1_2009", "status": "candidate", "georeferenced": true, "issues": ["Texto contido em mais de uma feição; vínculo ambíguo."]}, {"id": "a1_2010", "status": "candidate", "georeferenced": true, "issues": ["Texto contido em mais de uma feição; vínculo ambíguo."]}, {"id": "a1_2011", "status": "candidate", "georeferenced": true, "issues": ["Texto contido em mais de uma feição; vínculo ambíguo."]}, {"id": "a1_2012", "status": "candidate", "georeferenced": true, "issues": ["Texto contido em mais de uma feição; vínculo ambíguo."]}, {"id": "a1_2013", "status": "candidate", "georeferenced": true, "issues": ["Texto contido em mais de uma feição; vínculo ambíguo."]}, {"id": "a1_2014", "status": "candidate", "georeferenced": true, "issues": ["Texto contido em mais de uma feição; vínculo ambíguo."]}, {"id": "a1_2015", "status": "candidate", "georeferenced": true, "issues": []}, {"id": "a1_2016", "status": "candidate", "georeferenced": true, "issues": []}, {"id": "a1_2017", "status": "candidate", "georeferenced": true, "issues": ["Texto contido em mais de uma feição; vínculo ambíguo."]}, {"id": "a1_2018", "status": "candidate", "georeferenced": true, "issues": ["Texto contido em mais de uma feição; vínculo ambíguo."]}, {"id": "a1_2019", "status": "candidate", "georeferenced": true, "issues": ["Texto contido em mais de uma feição; vínculo ambíguo."]}, {"id": "a1_2020", "status": "candidate", "georeferenced": true, "issues": ["Texto contido em mais de uma feição; vínculo ambíguo."]}, {"id": "a1_2021", "status": "candidate", "georeferenced": true, "issues": ["Texto contido em mais de uma feição; vínculo ambíguo."]}, {"id": "a1_2022", "status": "candidate", "georeferenced": true, "issues": ["Texto contido em mais de uma feição; vínculo ambíguo."]}, {"id": "a1_2023", "status": "candidate", "georeferenced": true, "issues": ["Texto contido em mais de uma feição; vínculo ambíguo."]}, {"id": "a1_2024", "status": "candidate", "georeferenced": true, "issues": []}, {"id": "a1_2025", "status": "candidate", "georeferenced": true, "issues": ["Texto contido em mais de uma feição; vínculo ambíguo."]}, {"id": "a1_2026", "status": "candidate", "georeferenced": true, "issues": ["Texto contido em mais de uma feição; vínculo ambíguo."]}, {"id": "a1_2027", "status": "candidate", "georeferenced": true, "issues": ["Texto contido em mais de uma feição; vínculo ambíguo."]}, {"id": "a1_2028", "status": "candidate", "georeferenced": true, "issues": ["Texto contido em mais de uma feição; vínculo ambíguo."]}, {"id": "a1_2029", "status": "candidate", "georeferenced": true, "issues": ["Texto contido em mais de uma feição; vínculo ambíguo."]}, {"id": "a1_2030", "status": "candidate", "georeferenced": true, "issues": ["Texto contido em mais de uma feição; vínculo ambíguo."]}, {"id": "a1_2031", "status": "candidate", "georeferenced": true, "issues": ["Texto contido em mais de uma feição; vínculo ambíguo."]}, {"id": "a1_2032", "status": "candidate", "georeferenced": true, "issues": ["Texto contido em mais de uma feição; vínculo ambíguo."]}, {"id": "a1_2033", "status": "candidate", "georeferenced": true, "issues": ["Texto contido em mais de uma feição; vínculo ambíguo."]}, {"id": "a1_2034", "status": "candidate", "georeferenced": true, "issues": []}, {"id": "a1_2035", "status": "candidate", "georeferenced": true, "issues": ["Texto contido em mais de uma feição; vínculo ambíguo."]}, {"id": "a1_2036", "status": "candidate", "georeferenced": true, "issues": ["Texto contido em mais de uma feição; vínculo ambíguo."]}, {"id": "a1_2037", "status": "candidate", "georeferenced": true, "issues": ["Texto contido em mais de uma feição; vínculo ambíguo."]}, {"id": "a1_2038", "status": "candidate", "georeferenced": true, "issues": ["Texto contido em mais de uma feição; vínculo ambíguo."]}, {"id": "a1_2039", "status": "candidate", "georeferenced": true, "issues": ["Texto contido em mais de uma feição; vínculo ambíguo."]}, {"id": "a1_2040", "status": "candidate", "georeferenced": true, "issues": ["Texto contido em mais de uma feição; vínculo ambíguo."]}, {"id": "a1_2041", "status": "candidate", "georeferenced": true, "issues": ["Texto contido em mais de uma feição; vínculo ambíguo."]}, {"id": "a1_2042", "status": "candidate", "georeferenced": true, "issues": ["Texto contido em mais de uma feição; vínculo ambíguo."]}, {"id": "a1_2043", "status": "candidate", "georeferenced": true, "issues": ["Texto contido em mais de uma feição; vínculo ambíguo."]}, {"id": "a1_2044", "status": "candidate", "georeferenced": true, "issues": []}, {"id": "a1_2045", "status": "candidate", "georeferenced": true, "issues": []}, {"id": "a1_2046", "status": "candidate", "georeferenced": true, "issues": ["Texto contido em mais de uma feição; vínculo ambíguo."]}, {"id": "a1_2047", "status": "candidate", "georeferenced": true, "issues": ["Texto contido em mais de uma feição; vínculo ambíguo."]}, {"id": "a1_2048", "status": "candidate", "georeferenced": true, "issues": ["Texto contido em mais de uma feição; vínculo ambíguo."]}, {"id": "a1_2049", "status": "candidate", "georeferenced": true, "issues": []}, {"id": "a1_2050", "status": "candidate", "georeferenced": true, "issues": ["Texto contido em mais de uma feição; vínculo ambíguo."]}, {"id": "a1_2051", "status": "candidate", "georeferenced": true, "issues": ["Texto contido em mais de uma feição; vínculo ambíguo."]}, {"id": "a1_2052", "status": "candidate", "georeferenced": true, "issues": ["Texto contido em mais de uma feição; vínculo ambíguo."]}, {"id": "a1_2053", "status": "candidate", "georeferenced": true, "issues": []}, {"id": "a1_2054", "status": "candidate", "georeferenced": true, "issues": ["Texto contido em mais de uma feição; vínculo ambíguo."]}, {"id": "a1_2055", "status": "candidate", "georeferenced": true, "issues": ["Texto contido em mais de uma feição; vínculo ambíguo."]}, {"id": "a1_2056", "status": "candidate", "georeferenced": true, "issues": ["Texto contido em mais de uma feição; vínculo ambíguo."]}, {"id": "a1_2057", "status": "candidate", "georeferenced": true, "issues": ["Texto contido em mais de uma feição; vínculo ambíguo."]}, {"id": "a1_2058", "status": "candidate", "georeferenced": true, "issues": ["Texto contido em mais de uma feição; vínculo ambíguo."]}, {"id": "a1_2059", "status": "candidate", "georeferenced": true, "issues": ["Texto contido em mais de uma feição; vínculo ambíguo."]}, {"id": "a1_2060", "status": "candidate", "georeferenced": true, "issues": ["Texto contido em mais de uma feição; vínculo ambíguo."]}, {"id": "a1_2061", "status": "candidate", "georeferenced": true, "issues": ["Texto contido em mais de uma feição; vínculo ambíguo."]}, {"id": "a1_2062", "status": "candidate", "georeferenced": true, "issues": ["Texto contido em mais de uma feição; vínculo ambíguo."]}, {"id": "a1_2063", "status": "candidate", "georeferenced": true, "issues": ["Texto contido em mais de uma feição; vínculo ambíguo."]}, {"id": "a1_2064", "status": "candidate", "georeferenced": true, "issues": ["Texto contido em mais de uma feição; vínculo ambíguo."]}, {"id": "a1_2065", "status": "candidate", "georeferenced": true, "issues": ["Texto contido em mais de uma feição; vínculo ambíguo."]}, {"id": "a1_2066", "status": "candidate", "georeferenced": true, "issues": ["Texto contido em mais de uma feição; vínculo ambíguo."]}, {"id": "a1_2067", "status": "candidate", "georeferenced": true, "issues": ["Texto contido em mais de uma feição; vínculo ambíguo."]}, {"id": "a1_2068", "status": "candidate", "georeferenced": true, "issues": ["Texto contido em mais de uma feição; vínculo ambíguo."]}, {"id": "a1_2069", "status": "candidate", "georeferenced": true, "issues": ["Texto contido em mais de uma feição; vínculo ambíguo."]}, {"id": "a1_2070", "status": "candidate", "georeferenced": true, "issues": ["Texto contido em mais de uma feição; vínculo ambíguo."]}, {"id": "a1_2071", "status": "candidate", "georeferenced": true, "issues": ["Texto contido em mais de uma feição; vínculo ambíguo."]}, {"id": "a1_2072", "status": "candidate", "georeferenced": true, "issues": ["Texto contido em mais de uma feição; vínculo ambíguo."]}, {"id": "a1_2073", "status": "candidate", "georeferenced": true, "issues": ["Texto contido em mais de uma feição; vínculo ambíguo."]}, {"id": "a1_2074", "status": "candidate", "georeferenced": true, "issues": []}, {"id": "a1_2075", "status": "candidate", "georeferenced": true, "issues": ["Texto contido em mais de uma feição; vínculo ambíguo."]}, {"id": "a1_2076", "status": "candidate", "georeferenced": true, "issues": ["Texto contido em mais de uma feição; vínculo ambíguo."]}, {"id": "a1_2077", "status": "candidate", "georeferenced": true, "issues": ["Texto contido em mais de uma feição; vínculo ambíguo."]}, {"id": "a1_2078", "status": "candidate", "georeferenced": true, "issues": ["Texto contido em mais de uma feição; vínculo ambíguo."]}, {"id": "a1_2079", "status": "candidate", "georeferenced": true, "issues": ["Texto contido em mais de uma feição; vínculo ambíguo."]}, {"id": "a1_2080", "status": "candidate", "georeferenced": true, "issues": ["Texto contido em mais de uma feição; vínculo ambíguo."]}, {"id": "a1_2081", "status": "candidate", "georeferenced": true, "issues": ["Texto contido em mais de uma feição; vínculo ambíguo."]}, {"id": "a1_2082", "status": "candidate", "georeferenced": true, "issues": ["Texto contido em mais de uma feição; vínculo ambíguo."]}, {"id": "a1_2083", "status": "candidate", "georeferenced": true, "issues": ["Texto contido em mais de uma feição; vínculo ambíguo."]}, {"id": "a1_2084", "status": "candidate", "georeferenced": true, "issues": ["Texto contido em mais de uma feição; vínculo ambíguo."]}, {"id": "a1_2085", "status": "candidate", "georeferenced": true, "issues": ["Texto contido em mais de uma feição; vínculo ambíguo."]}, {"id": "a1_2086", "status": "candidate", "georeferenced": true, "issues": ["Texto contido em mais de uma feição; vínculo ambíguo."]}, {"id": "a1_2087", "status": "candidate", "georeferenced": true, "issues": ["Texto contido em mais de uma feição; vínculo ambíguo."]}, {"id": "a1_2088", "status": "candidate", "georeferenced": true, "issues": ["Texto contido em mais de uma feição; vínculo ambíguo."]}, {"id": "a1_2089", "status": "candidate", "georeferenced": true, "issues": ["Texto contido em mais de uma feição; vínculo ambíguo."]}, {"id": "a1_2090", "status": "candidate", "georeferenced": true, "issues": ["Texto contido em mais de uma feição; vínculo ambíguo."]}, {"id": "a1_2091", "status": "candidate", "georeferenced": true, "issues": ["Texto contido em mais de uma feição; vínculo ambíguo."]}, {"id": "a1_2092", "status": "candidate", "georeferenced": true, "issues": ["Texto contido em mais de uma feição; vínculo ambíguo."]}, {"id": "a1_2093", "status": "candidate", "georeferenced": true, "issues": ["Texto contido em mais de uma feição; vínculo ambíguo."]}, {"id": "a1_2094", "status": "candidate", "georeferenced": true, "issues": ["Texto contido em mais de uma feição; vínculo ambíguo."]}, {"id": "a1_2095", "status": "candidate", "georeferenced": true, "issues": ["Texto contido em mais de uma feição; vínculo ambíguo."]}, {"id": "a1_2096", "status": "candidate", "georeferenced": true, "issues": ["Texto contido em mais de uma feição; vínculo ambíguo."]}, {"id": "a1_2097", "status": "candidate", "georeferenced": true, "issues": ["Texto contido em mais de uma feição; vínculo ambíguo."]}, {"id": "a1_2098", "status": "candidate", "georeferenced": true, "issues": ["Texto contido em mais de uma feição; vínculo ambíguo."]}, {"id": "a1_2099", "status": "candidate", "georeferenced": true, "issues": ["Texto contido em mais de uma feição; vínculo ambíguo."]}, {"id": "a1_2100", "status": "candidate", "georeferenced": true, "issues": ["Texto contido em mais de uma feição; vínculo ambíguo."]}, {"id": "a1_2101", "status": "candidate", "georeferenced": true, "issues": ["Texto contido em mais de uma feição; vínculo ambíguo."]}, {"id": "a1_2102", "status": "candidate", "georeferenced": true, "issues": ["Texto contido em mais de uma feição; vínculo ambíguo."]}, {"id": "a1_2103", "status": "candidate", "georeferenced": true, "issues": ["Texto contido em mais de uma feição; vínculo ambíguo."]}, {"id": "a1_2104", "status": "candidate", "georeferenced": true, "issues": ["Texto contido em mais de uma feição; vínculo ambíguo."]}, {"id": "a1_2105", "status": "candidate", "georeferenced": true, "issues": []}, {"id": "a1_2106", "status": "candidate", "georeferenced": true, "issues": ["Texto contido em mais de uma feição; vínculo ambíguo."]}, {"id": "a1_2107", "status": "candidate", "georeferenced": true, "issues": ["Texto contido em mais de uma feição; vínculo ambíguo."]}, {"id": "a1_2108", "status": "candidate", "georeferenced": true, "issues": ["Texto contido em mais de uma feição; vínculo ambíguo."]}, {"id": "a1_2109", "status": "candidate", "georeferenced": true, "issues": ["Texto contido em mais de uma feição; vínculo ambíguo."]}, {"id": "a1_2110", "status": "candidate", "georeferenced": true, "issues": ["Texto contido em mais de uma feição; vínculo ambíguo."]}, {"id": "a1_2111", "status": "candidate", "georeferenced": true, "issues": ["Texto contido em mais de uma feição; vínculo ambíguo."]}, {"id": "a1_2112", "status": "candidate", "georeferenced": true, "issues": ["Texto contido em mais de uma feição; vínculo ambíguo."]}, {"id": "a1_2113", "status": "candidate", "georeferenced": true, "issues": ["Texto contido em mais de uma feição; vínculo ambíguo."]}, {"id": "a1_2114", "status": "candidate", "georeferenced": true, "issues": ["Texto contido em mais de uma feição; vínculo ambíguo."]}, {"id": "a1_2115", "status": "candidate", "georeferenced": true, "issues": ["Texto contido em mais de uma feição; vínculo ambíguo."]}, {"id": "a1_2116", "status": "candidate", "georeferenced": true, "issues": ["Texto contido em mais de uma feição; vínculo ambíguo."]}, {"id": "a1_2117", "status": "candidate", "georeferenced": true, "issues": ["Texto contido em mais de uma feição; vínculo ambíguo."]}, {"id": "a1_2118", "status": "candidate", "georeferenced": true, "issues": []}, {"id": "a1_2119", "status": "candidate", "georeferenced": true, "issues": ["Texto contido em mais de uma feição; vínculo ambíguo."]}, {"id": "a1_2120", "status": "candidate", "georeferenced": true, "issues": ["Texto contido em mais de uma feição; vínculo ambíguo."]}, {"id": "a1_2121", "status": "candidate", "georeferenced": true, "issues": ["Texto contido em mais de uma feição; vínculo ambíguo."]}, {"id": "a1_2122", "status": "candidate", "georeferenced": true, "issues": ["Texto contido em mais de uma feição; vínculo ambíguo."]}, {"id": "a1_2123", "status": "candidate", "georeferenced": true, "issues": ["Texto contido em mais de uma feição; vínculo ambíguo."]}, {"id": "a1_2124", "status": "candidate", "georeferenced": true, "issues": ["Texto contido em mais de uma feição; vínculo ambíguo."]}, {"id": "a1_2125", "status": "candidate", "georeferenced": true, "issues": []}, {"id": "a1_2126", "status": "candidate", "georeferenced": true, "issues": ["Texto contido em mais de uma feição; vínculo ambíguo."]}, {"id": "a1_2127", "status": "candidate", "georeferenced": true, "issues": ["Texto contido em mais de uma feição; vínculo ambíguo."]}, {"id": "a1_2128", "status": "candidate", "georeferenced": true, "issues": []}, {"id": "a1_2129", "status": "candidate", "georeferenced": true, "issues": ["Texto contido em mais de uma feição; vínculo ambíguo."]}, {"id": "a1_2130", "status": "candidate", "georeferenced": true, "issues": []}, {"id": "a1_2131", "status": "candidate", "georeferenced": true, "issues": ["Texto contido em mais de uma feição; vínculo ambíguo."]}, {"id": "a1_2132", "status": "candidate", "georeferenced": true, "issues": ["Texto contido em mais de uma feição; vínculo ambíguo."]}, {"id": "a1_2133", "status": "candidate", "georeferenced": true, "issues": ["Texto contido em mais de uma feição; vínculo ambíguo."]}, {"id": "a1_2134", "status": "candidate", "georeferenced": true, "issues": ["Texto contido em mais de uma feição; vínculo ambíguo."]}, {"id": "a1_2135", "status": "candidate", "georeferenced": true, "issues": ["Texto contido em mais de uma feição; vínculo ambíguo."]}, {"id": "a1_2136", "status": "candidate", "georeferenced": true, "issues": ["Texto contido em mais de uma feição; vínculo ambíguo."]}, {"id": "a1_2137", "status": "candidate", "georeferenced": true, "issues": ["Texto contido em mais de uma feição; vínculo ambíguo."]}, {"id": "a1_2138", "status": "candidate", "georeferenced": true, "issues": ["Texto contido em mais de uma feição; vínculo ambíguo."]}, {"id": "a1_2139", "status": "candidate", "georeferenced": true, "issues": ["Texto contido em mais de uma feição; vínculo ambíguo."]}, {"id": "a1_2140", "status": "candidate", "georeferenced": true, "issues": ["Texto contido em mais de uma feição; vínculo ambíguo."]}, {"id": "a1_2141", "status": "candidate", "georeferenced": true, "issues": ["Texto contido em mais de uma feição; vínculo ambíguo."]}, {"id": "a1_2142", "status": "candidate", "georeferenced": true, "issues": ["Texto contido em mais de uma feição; vínculo ambíguo."]}, {"id": "a1_2143", "status": "candidate", "georeferenced": true, "issues": ["Texto contido em mais de uma feição; vínculo ambíguo."]}, {"id": "a1_2144", "status": "candidate", "georeferenced": true, "issues": ["Texto contido em mais de uma feição; vínculo ambíguo."]}, {"id": "a1_2145", "status": "candidate", "georeferenced": true, "issues": ["Texto contido em mais de uma feição; vínculo ambíguo."]}, {"id": "a1_2146", "status": "candidate", "georeferenced": true, "issues": ["Texto contido em mais de uma feição; vínculo ambíguo."]}, {"id": "a1_2147", "status": "candidate", "georeferenced": true, "issues": ["Texto contido em mais de uma feição; vínculo ambíguo."]}, {"id": "a1_2148", "status": "candidate", "georeferenced": true, "issues": ["Texto contido em mais de uma feição; vínculo ambíguo."]}, {"id": "a1_2149", "status": "candidate", "georeferenced": true, "issues": ["Texto contido em mais de uma feição; vínculo ambíguo."]}, {"id": "a1_2150", "status": "candidate", "georeferenced": true, "issues": ["Texto contido em mais de uma feição; vínculo ambíguo."]}, {"id": "a1_2151", "status": "candidate", "georeferenced": true, "issues": ["Texto contido em mais de uma feição; vínculo ambíguo."]}, {"id": "a1_2152", "status": "candidate", "georeferenced": true, "issues": ["Texto contido em mais de uma feição; vínculo ambíguo."]}, {"id": "a1_2153", "status": "candidate", "georeferenced": true, "issues": ["Texto contido em mais de uma feição; vínculo ambíguo."]}, {"id": "a1_2154", "status": "candidate", "georeferenced": true, "issues": ["Texto contido em mais de uma feição; vínculo ambíguo."]}, {"id": "a1_2155", "status": "candidate", "georeferenced": true, "issues": ["Texto contido em mais de uma feição; vínculo ambíguo."]}, {"id": "a1_2156", "status": "candidate", "georeferenced": true, "issues": ["Texto contido em mais de uma feição; vínculo ambíguo."]}, {"id": "a1_2157", "status": "candidate", "georeferenced": true, "issues": ["Texto contido em mais de uma feição; vínculo ambíguo."]}, {"id": "a1_2158", "status": "candidate", "georeferenced": true, "issues": ["Texto contido em mais de uma feição; vínculo ambíguo."]}, {"id": "a1_2159", "status": "candidate", "georeferenced": true, "issues": ["Texto contido em mais de uma feição; vínculo ambíguo."]}, {"id": "a1_2160", "status": "candidate", "georeferenced": true, "issues": ["Texto contido em mais de uma feição; vínculo ambíguo."]}, {"id": "a1_2161", "status": "candidate", "georeferenced": true, "issues": ["Texto contido em mais de uma feição; vínculo ambíguo."]}, {"id": "a1_2162", "status": "candidate", "georeferenced": true, "issues": ["Texto contido em mais de uma feição; vínculo ambíguo."]}, {"id": "a1_2163", "status": "candidate", "georeferenced": true, "issues": ["Texto contido em mais de uma feição; vínculo ambíguo."]}, {"id": "a1_2164", "status": "candidate", "georeferenced": true, "issues": []}, {"id": "a1_2165", "status": "candidate", "georeferenced": true, "issues": ["Texto contido em mais de uma feição; vínculo ambíguo."]}, {"id": "a1_2166", "status": "candidate", "georeferenced": true, "issues": ["Texto contido em mais de uma feição; vínculo ambíguo."]}, {"id": "a1_2167", "status": "candidate", "georeferenced": true, "issues": ["Texto contido em mais de uma feição; vínculo ambíguo."]}, {"id": "a1_2168", "status": "candidate", "georeferenced": true, "issues": ["Texto contido em mais de uma feição; vínculo ambíguo."]}, {"id": "a1_2169", "status": "candidate", "georeferenced": true, "issues": ["Texto contido em mais de uma feição; vínculo ambíguo."]}, {"id": "a1_2170", "status": "candidate", "georeferenced": true, "issues": ["Texto contido em mais de uma feição; vínculo ambíguo."]}, {"id": "a1_2171", "status": "candidate", "georeferenced": true, "issues": ["Texto contido em mais de uma feição; vínculo ambíguo."]}, {"id": "a1_2172", "status": "candidate", "georeferenced": true, "issues": ["Texto contido em mais de uma feição; vínculo ambíguo."]}, {"id": "a1_2173", "status": "candidate", "georeferenced": true, "issues": ["Texto contido em mais de uma feição; vínculo ambíguo."]}, {"id": "a1_2174", "status": "candidate", "georeferenced": true, "issues": []}, {"id": "a1_2175", "status": "candidate", "georeferenced": true, "issues": ["Texto contido em mais de uma feição; vínculo ambíguo."]}, {"id": "a1_2176", "status": "candidate", "georeferenced": true, "issues": ["Texto contido em mais de uma feição; vínculo ambíguo."]}, {"id": "a1_2177", "status": "candidate", "georeferenced": true, "issues": ["Texto contido em mais de uma feição; vínculo ambíguo."]}, {"id": "a1_2178", "status": "candidate", "georeferenced": true, "issues": ["Texto contido em mais de uma feição; vínculo ambíguo."]}, {"id": "a1_2179", "status": "candidate", "georeferenced": true, "issues": ["Texto contido em mais de uma feição; vínculo ambíguo."]}, {"id": "a1_2180", "status": "candidate", "georeferenced": true, "issues": ["Texto contido em mais de uma feição; vínculo ambíguo."]}, {"id": "a1_2181", "status": "candidate", "georeferenced": true, "issues": ["Texto contido em mais de uma feição; vínculo ambíguo."]}, {"id": "a1_2182", "status": "candidate", "georeferenced": true, "issues": ["Texto contido em mais de uma feição; vínculo ambíguo."]}, {"id": "a1_2183", "status": "candidate", "georeferenced": true, "issues": ["Texto contido em mais de uma feição; vínculo ambíguo."]}, {"id": "a1_2184", "status": "candidate", "georeferenced": true, "issues": ["Texto contido em mais de uma feição; vínculo ambíguo."]}, {"id": "a1_2185", "status": "candidate", "georeferenced": true, "issues": ["Texto contido em mais de uma feição; vínculo ambíguo."]}, {"id": "a1_2186", "status": "candidate", "georeferenced": true, "issues": ["Texto contido em mais de uma feição; vínculo ambíguo."]}, {"id": "a1_2187", "status": "candidate", "georeferenced": true, "issues": ["Texto contido em mais de uma feição; vínculo ambíguo."]}, {"id": "a1_2188", "status": "candidate", "georeferenced": true, "issues": ["Texto contido em mais de uma feição; vínculo ambíguo."]}, {"id": "a1_2189", "status": "candidate", "georeferenced": true, "issues": ["Texto contido em mais de uma feição; vínculo ambíguo."]}, {"id": "a1_2190", "status": "candidate", "georeferenced": true, "issues": ["Texto contido em mais de uma feição; vínculo ambíguo."]}, {"id": "a1_2191", "status": "candidate", "georeferenced": true, "issues": ["Texto contido em mais de uma feição; vínculo ambíguo."]}, {"id": "a1_2192", "status": "candidate", "georeferenced": true, "issues": ["Texto contido em mais de uma feição; vínculo ambíguo."]}, {"id": "a1_2193", "status": "candidate", "georeferenced": true, "issues": ["Texto contido em mais de uma feição; vínculo ambíguo."]}, {"id": "a1_2194", "status": "candidate", "georeferenced": true, "issues": ["Texto contido em mais de uma feição; vínculo ambíguo."]}, {"id": "a1_2195", "status": "candidate", "georeferenced": true, "issues": ["Texto contido em mais de uma feição; vínculo ambíguo."]}, {"id": "a1_2196", "status": "candidate", "georeferenced": true, "issues": ["Texto contido em mais de uma feição; vínculo ambíguo."]}, {"id": "a1_2197", "status": "candidate", "georeferenced": true, "issues": ["Texto contido em mais de uma feição; vínculo ambíguo."]}, {"id": "a1_2198", "status": "candidate", "georeferenced": true, "issues": ["Texto contido em mais de uma feição; vínculo ambíguo."]}, {"id": "a1_2199", "status": "candidate", "georeferenced": true, "issues": ["Texto contido em mais de uma feição; vínculo ambíguo."]}, {"id": "a1_2200", "status": "candidate", "georeferenced": true, "issues": ["Texto contido em mais de uma feição; vínculo ambíguo."]}, {"id": "a1_2201", "status": "candidate", "georeferenced": true, "issues": ["Texto contido em mais de uma feição; vínculo ambíguo."]}, {"id": "a1_2202", "status": "candidate", "georeferenced": true, "issues": ["Texto contido em mais de uma feição; vínculo ambíguo."]}, {"id": "a1_2203", "status": "candidate", "georeferenced": true, "issues": ["Texto contido em mais de uma feição; vínculo ambíguo."]}, {"id": "a1_2204", "status": "candidate", "georeferenced": true, "issues": ["Texto contido em mais de uma feição; vínculo ambíguo."]}, {"id": "a1_2205", "status": "candidate", "georeferenced": true, "issues": ["Texto contido em mais de uma feição; vínculo ambíguo."]}, {"id": "a1_2206", "status": "candidate", "georeferenced": true, "issues": ["Texto contido em mais de uma feição; vínculo ambíguo."]}, {"id": "a1_2207", "status": "candidate", "georeferenced": true, "issues": ["Texto contido em mais de uma feição; vínculo ambíguo."]}, {"id": "a1_2208", "status": "candidate", "georeferenced": true, "issues": ["Texto contido em mais de uma feição; vínculo ambíguo."]}, {"id": "a1_2209", "status": "candidate", "georeferenced": true, "issues": ["Texto contido em mais de uma feição; vínculo ambíguo."]}, {"id": "a1_2210", "status": "candidate", "georeferenced": true, "issues": ["Texto contido em mais de uma feição; vínculo ambíguo."]}, {"id": "a1_2211", "status": "candidate", "georeferenced": true, "issues": ["Texto contido em mais de uma feição; vínculo ambíguo."]}, {"id": "a1_2212", "status": "candidate", "georeferenced": true, "issues": ["Texto contido em mais de uma feição; vínculo ambíguo."]}, {"id": "a1_2213", "status": "candidate", "georeferenced": true, "issues": ["Texto contido em mais de uma feição; vínculo ambíguo."]}, {"id": "a1_2214", "status": "candidate", "georeferenced": true, "issues": ["Texto contido em mais de uma feição; vínculo ambíguo."]}, {"id": "a1_2215", "status": "candidate", "georeferenced": true, "issues": ["Texto contido em mais de uma feição; vínculo ambíguo."]}, {"id": "a1_2216", "status": "candidate", "georeferenced": true, "issues": ["Texto contido em mais de uma feição; vínculo ambíguo."]}, {"id": "a1_2217", "status": "candidate", "georeferenced": true, "issues": ["Texto contido em mais de uma feição; vínculo ambíguo."]}, {"id": "a1_2218", "status": "candidate", "georeferenced": true, "issues": ["Texto contido em mais de uma feição; vínculo ambíguo."]}, {"id": "a1_2219", "status": "candidate", "georeferenced": true, "issues": ["Texto contido em mais de uma feição; vínculo ambíguo."]}, {"id": "a1_2220", "status": "candidate", "georeferenced": true, "issues": ["Texto contido em mais de uma feição; vínculo ambíguo."]}, {"id": "a1_2221", "status": "candidate", "georeferenced": true, "issues": ["Texto contido em mais de uma feição; vínculo ambíguo."]}, {"id": "a1_2222", "status": "candidate", "georeferenced": true, "issues": ["Texto contido em mais de uma feição; vínculo ambíguo."]}, {"id": "a1_2223", "status": "candidate", "georeferenced": true, "issues": ["Superfície cinza associada à legenda de vias; contorno, interrupções e pavimentação precisam de revisão."]}, {"id": "a1_2224", "status": "candidate", "georeferenced": true, "issues": ["Superfície cinza associada à legenda de vias; contorno, interrupções e pavimentação precisam de revisão."]}, {"id": "a1_2225", "status": "candidate", "georeferenced": true, "issues": ["Superfície cinza associada à legenda de vias; contorno, interrupções e pavimentação precisam de revisão."]}, {"id": "a1_2226", "status": "candidate", "georeferenced": true, "issues": ["Superfície cinza associada à legenda de vias; contorno, interrupções e pavimentação precisam de revisão."]}, {"id": "a1_2227", "status": "candidate", "georeferenced": true, "issues": ["Superfície cinza associada à legenda de vias; contorno, interrupções e pavimentação precisam de revisão."]}, {"id": "a1_2228", "status": "candidate", "georeferenced": true, "issues": ["Superfície cinza associada à legenda de vias; contorno, interrupções e pavimentação precisam de revisão."]}, {"id": "a1_2229", "status": "candidate", "georeferenced": true, "issues": ["Superfície cinza associada à legenda de vias; contorno, interrupções e pavimentação precisam de revisão."]}, {"id": "a1_2230", "status": "candidate", "georeferenced": true, "issues": ["Superfície cinza associada à legenda de vias; contorno, interrupções e pavimentação precisam de revisão."]}, {"id": "a1_2231", "status": "candidate", "georeferenced": true, "issues": ["Superfície cinza associada à legenda de vias; contorno, interrupções e pavimentação precisam de revisão."]}, {"id": "a1_2232", "status": "candidate", "georeferenced": true, "issues": ["Superfície cinza associada à legenda de vias; contorno, interrupções e pavimentação precisam de revisão."]}]}</description><Folder><name>nao_identificado / polygon</name><Placemark><name>Não identificado</name><description>{"id": "a1_327", "label": "Não identificado", "category": "nao_identificado", "suggested_class": "nao_identificado", "object_type": "polygon", "page": 1, "status": "accepted", "area": 224716.81295224003, "perimeter": 1903.1683238860226, "confidence": 0.0, "quality": {"reading": null, "classification": null, "georeferencing": {"rmse_m": 0.27644913643636937, "external_accuracy_m": null, "method": "GeoPDF nativo: VP[1] /Measure /GCS"}}, "evidence": [{"category": "nao_identificado", "value": "Não identificado", "bbox": [70.79975891113281, 28.560302734375, 2834.63037109375, 2355.8740234375], "reason": "pdf_vector; fonte v1_1528. Classe precisa de evidência.", "confidence": 0.0, "page": 1, "origin": "pdf_vector", "source_id": "v1_1528"}], "revision": 1, "issues": ["Sem evidência suficiente para identificar a classe."], "attributes": {"style": {"color": [0.0, 0.0, 0.0], "fill": null, "width": 0.9599999785423279, "dashes": "[] 0", "symbol": null, "path_type": "s"}, "source_path_geometry": {"type": "Polygon", "coordinates": [[[70.79975891113281, 1192.09716796875], [70.79975891113281, 28.560302734375], [2834.63037109375, 28.560302734375], [2834.63037109375, 2355.8740234375], [70.79975891113281, 2355.8740234375], [70.79975891113281, 1192.09716796875]]]}}, "extraction_method": "pdf_vector", "linked_feature_id": null, "page_geometry": {"type": "Polygon", "coordinates": [[[70.79975891113281, 1192.09716796875], [70.79975891113281, 28.560302734375], [2834.63037109375, 28.560302734375], [2834.63037109375, 2355.8740234375], [70.79975891113281, 2355.8740234375], [70.79975891113281, 1192.09716796875]]]}, "original_page_geometry": {"type": "Polygon", "coordinates": [[[70.79975891113281, 1192.09716796875], [70.79975891113281, 28.560302734375], [2834.63037109375, 28.560302734375], [2834.63037109375, 2355.8740234375], [70.79975891113281, 2355.8740234375], [70.79975891113281, 1192.09716796875]]]}, "source_ids": ["v1_1528"]}</description><ExtendedData><Data name="geodoc"><value>{"id": "a1_327", "label": "Não identificado", "category": "nao_identificado", "suggested_class": "nao_identificado", "object_type": "polygon", "page": 1, "status": "accepted", "area": 224716.81295224003, "perimeter": 1903.1683238860226, "confidence": 0.0, "quality": {"reading": null, "classification": null, "georeferencing": {"rmse_m": 0.27644913643636937, "external_accuracy_m": null, "method": "GeoPDF nativo: VP[1] /Measure /GCS"}}, "evidence": [{"category": "nao_identificado", "value": "Não identificado", "bbox": [70.79975891113281, 28.560302734375, 2834.63037109375, 2355.8740234375], "reason": "pdf_vector; fonte v1_1528. Classe precisa de evidência.", "confidence": 0.0, "page": 1, "origin": "pdf_vector", "source_id": "v1_1528"}], "revision": 1, "issues": ["Sem evidência suficiente para identificar a classe."], "attributes": {"style": {"color": [0.0, 0.0, 0.0], "fill": null, "width": 0.9599999785423279, "dashes": "[] 0", "symbol": null, "path_type": "s"}, "source_path_geometry": {"type": "Polygon", "coordinates": [[[70.79975891113281, 1192.09716796875], [70.79975891113281, 28.560302734375], [2834.63037109375, 28.560302734375], [2834.63037109375, 2355.8740234375], [70.79975891113281, 2355.8740234375], [70.79975891113281, 1192.09716796875]]]}}, "extraction_method": "pdf_vector", "linked_feature_id": null, "page_geometry": {"type": "Polygon", "coordinates": [[[70.79975891113281, 1192.09716796875], [70.79975891113281, 28.560302734375], [2834.63037109375, 28.560302734375], [2834.63037109375, 2355.8740234375], [70.79975891113281, 2355.8740234375], [70.79975891113281, 1192.09716796875]]]}, "original_page_geometry": {"type": "Polygon", "coordinates": [[[70.79975891113281, 1192.09716796875], [70.79975891113281, 28.560302734375], [2834.63037109375, 28.560302734375], [2834.63037109375, 2355.8740234375], [70.79975891113281, 2355.8740234375], [70.79975891113281, 1192.09716796875]]]}, "source_ids": ["v1_1528"]}</value></Data></ExtendedData><Polygon><outerBoundaryIs><LinearRing><coordinates>-39.38237999977436,-8.231879797211569,0 -39.38237998844096,-8.229912500526028,0 -39.37769001158828,-8.22991749946961,0 -39.3776899884126,-8.233852500527485,0 -39.382380011558205,-8.233847499478351,0 -39.38237999977436,-8.231879797211569,0</coordinates></LinearRing></outerBoundaryIs></Polygon></Placemark></Folder></Document></kml>